[       3ms] [LOG] %c🧭 Loom Guard %c docs-log %c— route allowed ✓ %c%s color:#a78bfa;font-weight:bold color:#34d399;font-weight:bold color:#94a3b8 color:#64748b /element/timing @ http://localhost:5174/src/groups.ts:56
[   26851ms] [LOG] %c🧭 Loom Guard %c docs-log %c— route allowed ✓ %c%s color:#a78bfa;font-weight:bold color:#34d399;font-weight:bold color:#94a3b8 color:#64748b /element/timing @ http://localhost:5174/src/groups.ts:56
[  529807ms] [LOG] %c🧭 Loom Guard %c docs-log %c— route allowed ✓ %c%s color:#a78bfa;font-weight:bold color:#34d399;font-weight:bold color:#94a3b8 color:#64748b /element/overview @ http://localhost:5174/src/groups.ts:56
[  529813ms] [LOG] %c🧭 Loom Guard %c docs-log %c— route allowed ✓ %c%s color:#a78bfa;font-weight:bold color:#34d399;font-weight:bold color:#94a3b8 color:#64748b /element/overview @ http://localhost:5174/src/groups.ts:56
[  529938ms] [LOG] %c🧭 Loom Guard %c docs-log %c— route allowed ✓ %c%s color:#a78bfa;font-weight:bold color:#34d399;font-weight:bold color:#94a3b8 color:#64748b /element/lifecycle @ http://localhost:5174/src/groups.ts:56
[  529943ms] [LOG] %c🧭 Loom Guard %c docs-log %c— route allowed ✓ %c%s color:#a78bfa;font-weight:bold color:#34d399;font-weight:bold color:#94a3b8 color:#64748b /element/lifecycle @ http://localhost:5174/src/groups.ts:56
[  530068ms] [LOG] %c🧭 Loom Guard %c docs-log %c— route allowed ✓ %c%s color:#a78bfa;font-weight:bold color:#34d399;font-weight:bold color:#94a3b8 color:#64748b /element/timing @ http://localhost:5174/src/groups.ts:56
[  530080ms] [LOG] %c🧭 Loom Guard %c docs-log %c— route allowed ✓ %c%s color:#a78bfa;font-weight:bold color:#34d399;font-weight:bold color:#94a3b8 color:#64748b /element/timing @ http://localhost:5174/src/groups.ts:56
[  530199ms] [LOG] %c🧭 Loom Guard %c docs-log %c— route allowed ✓ %c%s color:#a78bfa;font-weight:bold color:#34d399;font-weight:bold color:#94a3b8 color:#64748b /element/css @ http://localhost:5174/src/groups.ts:56
[  530204ms] [LOG] %c🧭 Loom Guard %c docs-log %c— route allowed ✓ %c%s color:#a78bfa;font-weight:bold color:#34d399;font-weight:bold color:#94a3b8 color:#64748b /element/css @ http://localhost:5174/src/groups.ts:56
[  530329ms] [LOG] %c🧭 Loom Guard %c docs-log %c— route allowed ✓ %c%s color:#a78bfa;font-weight:bold color:#34d399;font-weight:bold color:#94a3b8 color:#64748b /element/queries @ http://localhost:5174/src/groups.ts:56
[  530335ms] [LOG] %c🧭 Loom Guard %c docs-log %c— route allowed ✓ %c%s color:#a78bfa;font-weight:bold color:#34d399;font-weight:bold color:#94a3b8 color:#64748b /element/queries @ http://localhost:5174/src/groups.ts:56
[  530459ms] [LOG] %c🧭 Loom Guard %c docs-log %c— route allowed ✓ %c%s color:#a78bfa;font-weight:bold color:#34d399;font-weight:bold color:#94a3b8 color:#64748b /element/jsx @ http://localhost:5174/src/groups.ts:56
[  530465ms] [LOG] %c🧭 Loom Guard %c docs-log %c— route allowed ✓ %c%s color:#a78bfa;font-weight:bold color:#34d399;font-weight:bold color:#94a3b8 color:#64748b /element/jsx @ http://localhost:5174/src/groups.ts:56
[  530590ms] [LOG] %c🧭 Loom Guard %c docs-log %c— route allowed ✓ %c%s color:#a78bfa;font-weight:bold color:#34d399;font-weight:bold color:#94a3b8 color:#64748b /element/decorators @ http://localhost:5174/src/groups.ts:56
[  530595ms] [LOG] %c🧭 Loom Guard %c docs-log %c— route allowed ✓ %c%s color:#a78bfa;font-weight:bold color:#34d399;font-weight:bold color:#94a3b8 color:#64748b /element/decorators @ http://localhost:5174/src/groups.ts:56
[  530720ms] [LOG] %c🧭 Loom Guard %c docs-log %c— route allowed ✓ %c%s color:#a78bfa;font-weight:bold color:#34d399;font-weight:bold color:#94a3b8 color:#64748b /element/attributes @ http://localhost:5174/src/groups.ts:56
[  530726ms] [LOG] %c🧭 Loom Guard %c docs-log %c— route allowed ✓ %c%s color:#a78bfa;font-weight:bold color:#34d399;font-weight:bold color:#94a3b8 color:#64748b /element/attributes @ http://localhost:5174/src/groups.ts:56
[  530850ms] [LOG] %c🧭 Loom Guard %c docs-log %c— route allowed ✓ %c%s color:#a78bfa;font-weight:bold color:#34d399;font-weight:bold color:#94a3b8 color:#64748b /element/light-dom @ http://localhost:5174/src/groups.ts:56
[  530856ms] [LOG] %c🧭 Loom Guard %c docs-log %c— route allowed ✓ %c%s color:#a78bfa;font-weight:bold color:#34d399;font-weight:bold color:#94a3b8 color:#64748b /element/light-dom @ http://localhost:5174/src/groups.ts:56
[  530981ms] [LOG] %c🧭 Loom Guard %c docs-log %c— route allowed ✓ %c%s color:#a78bfa;font-weight:bold color:#34d399;font-weight:bold color:#94a3b8 color:#64748b /element/lazy @ http://localhost:5174/src/groups.ts:56
[  530985ms] [LOG] %c🧭 Loom Guard %c docs-log %c— route allowed ✓ %c%s color:#a78bfa;font-weight:bold color:#34d399;font-weight:bold color:#94a3b8 color:#64748b /element/lazy @ http://localhost:5174/src/groups.ts:56
[  531111ms] [LOG] %c🧭 Loom Guard %c docs-log %c— route allowed ✓ %c%s color:#a78bfa;font-weight:bold color:#34d399;font-weight:bold color:#94a3b8 color:#64748b /element/observer @ http://localhost:5174/src/groups.ts:56
[  531120ms] [LOG] %c🧭 Loom Guard %c docs-log %c— route allowed ✓ %c%s color:#a78bfa;font-weight:bold color:#34d399;font-weight:bold color:#94a3b8 color:#64748b /element/observer @ http://localhost:5174/src/groups.ts:56
[  531241ms] [LOG] %c🧭 Loom Guard %c docs-log %c— route allowed ✓ %c%s color:#a78bfa;font-weight:bold color:#34d399;font-weight:bold color:#94a3b8 color:#64748b /element/forms @ http://localhost:5174/src/groups.ts:56
[  531247ms] [LOG] %c🧭 Loom Guard %c docs-log %c— route allowed ✓ %c%s color:#a78bfa;font-weight:bold color:#34d399;font-weight:bold color:#94a3b8 color:#64748b /element/forms @ http://localhost:5174/src/groups.ts:56
[  531372ms] [LOG] %c🧭 Loom Guard %c docs-log %c— route allowed ✓ %c%s color:#a78bfa;font-weight:bold color:#34d399;font-weight:bold color:#94a3b8 color:#64748b /store/api @ http://localhost:5174/src/groups.ts:56
[  531377ms] [LOG] %c🧭 Loom Guard %c docs-log %c— route allowed ✓ %c%s color:#a78bfa;font-weight:bold color:#34d399;font-weight:bold color:#94a3b8 color:#64748b /store/api @ http://localhost:5174/src/groups.ts:56
[  531502ms] [LOG] %c🧭 Loom Guard %c docs-log %c— route allowed ✓ %c%s color:#a78bfa;font-weight:bold color:#34d399;font-weight:bold color:#94a3b8 color:#64748b /element/virtual-list @ http://localhost:5174/src/groups.ts:56
[  531508ms] [LOG] %c🧭 Loom Guard %c docs-log %c— route allowed ✓ %c%s color:#a78bfa;font-weight:bold color:#34d399;font-weight:bold color:#94a3b8 color:#64748b /element/virtual-list @ http://localhost:5174/src/groups.ts:56
[  531632ms] [LOG] %c🧭 Loom Guard %c docs-log %c— route allowed ✓ %c%s color:#a78bfa;font-weight:bold color:#34d399;font-weight:bold color:#94a3b8 color:#64748b /element/icon @ http://localhost:5174/src/groups.ts:56
[  531639ms] [LOG] %c🧭 Loom Guard %c docs-log %c— route allowed ✓ %c%s color:#a78bfa;font-weight:bold color:#34d399;font-weight:bold color:#94a3b8 color:#64748b /element/icon @ http://localhost:5174/src/groups.ts:56
[  531763ms] [LOG] %c🧭 Loom Guard %c docs-log %c— route allowed ✓ %c%s color:#a78bfa;font-weight:bold color:#34d399;font-weight:bold color:#94a3b8 color:#64748b /element/canvas @ http://localhost:5174/src/groups.ts:56
[  531769ms] [LOG] %c🧭 Loom Guard %c docs-log %c— route allowed ✓ %c%s color:#a78bfa;font-weight:bold color:#34d399;font-weight:bold color:#94a3b8 color:#64748b /element/canvas @ http://localhost:5174/src/groups.ts:56
[  531893ms] [LOG] %c🧭 Loom Guard %c docs-log %c— route allowed ✓ %c%s color:#a78bfa;font-weight:bold color:#34d399;font-weight:bold color:#94a3b8 color:#64748b /element/image @ http://localhost:5174/src/groups.ts:56
[  531899ms] [LOG] %c🧭 Loom Guard %c docs-log %c— route allowed ✓ %c%s color:#a78bfa;font-weight:bold color:#34d399;font-weight:bold color:#94a3b8 color:#64748b /element/image @ http://localhost:5174/src/groups.ts:56
[  532023ms] [LOG] %c🧭 Loom Guard %c docs-log %c— route allowed ✓ %c%s color:#a78bfa;font-weight:bold color:#34d399;font-weight:bold color:#94a3b8 color:#64748b /decorators/overview @ http://localhost:5174/src/groups.ts:56
[  532029ms] [LOG] %c🧭 Loom Guard %c docs-log %c— route allowed ✓ %c%s color:#a78bfa;font-weight:bold color:#34d399;font-weight:bold color:#94a3b8 color:#64748b /decorators/overview @ http://localhost:5174/src/groups.ts:56
[  532153ms] [LOG] %c🧭 Loom Guard %c docs-log %c— route allowed ✓ %c%s color:#a78bfa;font-weight:bold color:#34d399;font-weight:bold color:#94a3b8 color:#64748b /decorators/events @ http://localhost:5174/src/groups.ts:56
[  532160ms] [LOG] %c🧭 Loom Guard %c docs-log %c— route allowed ✓ %c%s color:#a78bfa;font-weight:bold color:#34d399;font-weight:bold color:#94a3b8 color:#64748b /decorators/events @ http://localhost:5174/src/groups.ts:56
[  532284ms] [LOG] %c🧭 Loom Guard %c docs-log %c— route allowed ✓ %c%s color:#a78bfa;font-weight:bold color:#34d399;font-weight:bold color:#94a3b8 color:#64748b /decorators/transform @ http://localhost:5174/src/groups.ts:56
[  532290ms] [LOG] %c🧭 Loom Guard %c docs-log %c— route allowed ✓ %c%s color:#a78bfa;font-weight:bold color:#34d399;font-weight:bold color:#94a3b8 color:#64748b /decorators/transform @ http://localhost:5174/src/groups.ts:56
[  532414ms] [LOG] %c🧭 Loom Guard %c docs-log %c— route allowed ✓ %c%s color:#a78bfa;font-weight:bold color:#34d399;font-weight:bold color:#94a3b8 color:#64748b /decorators/hotkey @ http://localhost:5174/src/groups.ts:56
[  532419ms] [LOG] %c🧭 Loom Guard %c docs-log %c— route allowed ✓ %c%s color:#a78bfa;font-weight:bold color:#34d399;font-weight:bold color:#94a3b8 color:#64748b /decorators/hotkey @ http://localhost:5174/src/groups.ts:56
[  532544ms] [LOG] %c🧭 Loom Guard %c docs-log %c— route allowed ✓ %c%s color:#a78bfa;font-weight:bold color:#34d399;font-weight:bold color:#94a3b8 color:#64748b /decorators/log @ http://localhost:5174/src/groups.ts:56
[  532550ms] [LOG] %c🧭 Loom Guard %c docs-log %c— route allowed ✓ %c%s color:#a78bfa;font-weight:bold color:#34d399;font-weight:bold color:#94a3b8 color:#64748b /decorators/log @ http://localhost:5174/src/groups.ts:56
[  532674ms] [LOG] %c🧭 Loom Guard %c docs-log %c— route allowed ✓ %c%s color:#a78bfa;font-weight:bold color:#34d399;font-weight:bold color:#94a3b8 color:#64748b /decorators/context @ http://localhost:5174/src/groups.ts:56
[  532680ms] [LOG] %c🧭 Loom Guard %c docs-log %c— route allowed ✓ %c%s color:#a78bfa;font-weight:bold color:#34d399;font-weight:bold color:#94a3b8 color:#64748b /decorators/context @ http://localhost:5174/src/groups.ts:56
[  532805ms] [LOG] %c🧭 Loom Guard %c docs-log %c— route allowed ✓ %c%s color:#a78bfa;font-weight:bold color:#34d399;font-weight:bold color:#94a3b8 color:#64748b /decorators/portal @ http://localhost:5174/src/groups.ts:56
[  532809ms] [LOG] %c🧭 Loom Guard %c docs-log %c— route allowed ✓ %c%s color:#a78bfa;font-weight:bold color:#34d399;font-weight:bold color:#94a3b8 color:#64748b /decorators/portal @ http://localhost:5174/src/groups.ts:56
[  532935ms] [LOG] %c🧭 Loom Guard %c docs-log %c— route allowed ✓ %c%s color:#a78bfa;font-weight:bold color:#34d399;font-weight:bold color:#94a3b8 color:#64748b /decorators/symbols @ http://localhost:5174/src/groups.ts:56
[  532939ms] [LOG] %c🧭 Loom Guard %c docs-log %c— route allowed ✓ %c%s color:#a78bfa;font-weight:bold color:#34d399;font-weight:bold color:#94a3b8 color:#64748b /decorators/symbols @ http://localhost:5174/src/groups.ts:56
[  533065ms] [LOG] %c🧭 Loom Guard %c docs-log %c— route allowed ✓ %c%s color:#a78bfa;font-weight:bold color:#34d399;font-weight:bold color:#94a3b8 color:#64748b /decorators/media @ http://localhost:5174/src/groups.ts:56
[  533071ms] [LOG] %c🧭 Loom Guard %c docs-log %c— route allowed ✓ %c%s color:#a78bfa;font-weight:bold color:#34d399;font-weight:bold color:#94a3b8 color:#64748b /decorators/media @ http://localhost:5174/src/groups.ts:56
[  533195ms] [LOG] %c🧭 Loom Guard %c docs-log %c— route allowed ✓ %c%s color:#a78bfa;font-weight:bold color:#34d399;font-weight:bold color:#94a3b8 color:#64748b /decorators/fullscreen @ http://localhost:5174/src/groups.ts:56
[  533200ms] [LOG] %c🧭 Loom Guard %c docs-log %c— route allowed ✓ %c%s color:#a78bfa;font-weight:bold color:#34d399;font-weight:bold color:#94a3b8 color:#64748b /decorators/fullscreen @ http://localhost:5174/src/groups.ts:56
[  533326ms] [LOG] %c🧭 Loom Guard %c docs-log %c— route allowed ✓ %c%s color:#a78bfa;font-weight:bold color:#34d399;font-weight:bold color:#94a3b8 color:#64748b /decorators/clipboard @ http://localhost:5174/src/groups.ts:56
[  533331ms] [LOG] %c🧭 Loom Guard %c docs-log %c— route allowed ✓ %c%s color:#a78bfa;font-weight:bold color:#34d399;font-weight:bold color:#94a3b8 color:#64748b /decorators/clipboard @ http://localhost:5174/src/groups.ts:56
[  533456ms] [LOG] %c🧭 Loom Guard %c docs-log %c— route allowed ✓ %c%s color:#a78bfa;font-weight:bold color:#34d399;font-weight:bold color:#94a3b8 color:#64748b /decorators/dnd @ http://localhost:5174/src/groups.ts:56
[  533462ms] [LOG] %c🧭 Loom Guard %c docs-log %c— route allowed ✓ %c%s color:#a78bfa;font-weight:bold color:#34d399;font-weight:bold color:#94a3b8 color:#64748b /decorators/dnd @ http://localhost:5174/src/groups.ts:56
[  533586ms] [LOG] %c🧭 Loom Guard %c docs-log %c— route allowed ✓ %c%s color:#a78bfa;font-weight:bold color:#34d399;font-weight:bold color:#94a3b8 color:#64748b /decorators/css @ http://localhost:5174/src/groups.ts:56
[  533592ms] [LOG] %c🧭 Loom Guard %c docs-log %c— route allowed ✓ %c%s color:#a78bfa;font-weight:bold color:#34d399;font-weight:bold color:#94a3b8 color:#64748b /decorators/css @ http://localhost:5174/src/groups.ts:56
[  533717ms] [LOG] %c🧭 Loom Guard %c docs-log %c— route allowed ✓ %c%s color:#a78bfa;font-weight:bold color:#34d399;font-weight:bold color:#94a3b8 color:#64748b /store/overview @ http://localhost:5174/src/groups.ts:56
[  533723ms] [LOG] %c🧭 Loom Guard %c docs-log %c— route allowed ✓ %c%s color:#a78bfa;font-weight:bold color:#34d399;font-weight:bold color:#94a3b8 color:#64748b /store/overview @ http://localhost:5174/src/groups.ts:56
[  533847ms] [LOG] %c🧭 Loom Guard %c docs-log %c— route allowed ✓ %c%s color:#a78bfa;font-weight:bold color:#34d399;font-weight:bold color:#94a3b8 color:#64748b /store/reactive @ http://localhost:5174/src/groups.ts:56
[  533853ms] [LOG] %c🧭 Loom Guard %c docs-log %c— route allowed ✓ %c%s color:#a78bfa;font-weight:bold color:#34d399;font-weight:bold color:#94a3b8 color:#64748b /store/reactive @ http://localhost:5174/src/groups.ts:56
[  533977ms] [LOG] %c🧭 Loom Guard %c docs-log %c— route allowed ✓ %c%s color:#a78bfa;font-weight:bold color:#34d399;font-weight:bold color:#94a3b8 color:#64748b /store/store-decorator @ http://localhost:5174/src/groups.ts:56
[  533984ms] [LOG] %c🧭 Loom Guard %c docs-log %c— route allowed ✓ %c%s color:#a78bfa;font-weight:bold color:#34d399;font-weight:bold color:#94a3b8 color:#64748b /store/store-decorator @ http://localhost:5174/src/groups.ts:56
[  534108ms] [LOG] %c🧭 Loom Guard %c docs-log %c— route allowed ✓ %c%s color:#a78bfa;font-weight:bold color:#34d399;font-weight:bold color:#94a3b8 color:#64748b /store/storage @ http://localhost:5174/src/groups.ts:56
[  534114ms] [LOG] %c🧭 Loom Guard %c docs-log %c— route allowed ✓ %c%s color:#a78bfa;font-weight:bold color:#34d399;font-weight:bold color:#94a3b8 color:#64748b /store/storage @ http://localhost:5174/src/groups.ts:56
[  534238ms] [LOG] %c🧭 Loom Guard %c docs-log %c— route allowed ✓ %c%s color:#a78bfa;font-weight:bold color:#34d399;font-weight:bold color:#94a3b8 color:#64748b /store/patterns @ http://localhost:5174/src/groups.ts:56
[  534245ms] [LOG] %c🧭 Loom Guard %c docs-log %c— route allowed ✓ %c%s color:#a78bfa;font-weight:bold color:#34d399;font-weight:bold color:#94a3b8 color:#64748b /store/patterns @ http://localhost:5174/src/groups.ts:56
[  534368ms] [LOG] %c🧭 Loom Guard %c docs-log %c— route allowed ✓ %c%s color:#a78bfa;font-weight:bold color:#34d399;font-weight:bold color:#94a3b8 color:#64748b /store/signals @ http://localhost:5174/src/groups.ts:56
[  534374ms] [LOG] %c🧭 Loom Guard %c docs-log %c— route allowed ✓ %c%s color:#a78bfa;font-weight:bold color:#34d399;font-weight:bold color:#94a3b8 color:#64748b /store/signals @ http://localhost:5174/src/groups.ts:56
[  534499ms] [LOG] %c🧭 Loom Guard %c docs-log %c— route allowed ✓ %c%s color:#a78bfa;font-weight:bold color:#34d399;font-weight:bold color:#94a3b8 color:#64748b /router/overview @ http://localhost:5174/src/groups.ts:56
[  534505ms] [LOG] %c🧭 Loom Guard %c docs-log %c— route allowed ✓ %c%s color:#a78bfa;font-weight:bold color:#34d399;font-weight:bold color:#94a3b8 color:#64748b /router/overview @ http://localhost:5174/src/groups.ts:56
[  534629ms] [LOG] %c🧭 Loom Guard %c docs-log %c— route allowed ✓ %c%s color:#a78bfa;font-weight:bold color:#34d399;font-weight:bold color:#94a3b8 color:#64748b /router/routes @ http://localhost:5174/src/groups.ts:56
[  534635ms] [LOG] %c🧭 Loom Guard %c docs-log %c— route allowed ✓ %c%s color:#a78bfa;font-weight:bold color:#34d399;font-weight:bold color:#94a3b8 color:#64748b /router/routes @ http://localhost:5174/src/groups.ts:56
[  534759ms] [LOG] %c🧭 Loom Guard %c docs-log %c— route allowed ✓ %c%s color:#a78bfa;font-weight:bold color:#34d399;font-weight:bold color:#94a3b8 color:#64748b /router/route-data @ http://localhost:5174/src/groups.ts:56
[  534765ms] [LOG] %c🧭 Loom Guard %c docs-log %c— route allowed ✓ %c%s color:#a78bfa;font-weight:bold color:#34d399;font-weight:bold color:#94a3b8 color:#64748b /router/route-data @ http://localhost:5174/src/groups.ts:56
[  534890ms] [LOG] %c🧭 Loom Guard %c docs-log %c— route allowed ✓ %c%s color:#a78bfa;font-weight:bold color:#34d399;font-weight:bold color:#94a3b8 color:#64748b /router/groups @ http://localhost:5174/src/groups.ts:56
[  534896ms] [LOG] %c🧭 Loom Guard %c docs-log %c— route allowed ✓ %c%s color:#a78bfa;font-weight:bold color:#34d399;font-weight:bold color:#94a3b8 color:#64748b /router/groups @ http://localhost:5174/src/groups.ts:56
[  535020ms] [LOG] %c🧭 Loom Guard %c docs-log %c— route allowed ✓ %c%s color:#a78bfa;font-weight:bold color:#34d399;font-weight:bold color:#94a3b8 color:#64748b /router/guards @ http://localhost:5174/src/groups.ts:56
[  535026ms] [LOG] %c🧭 Loom Guard %c docs-log %c— route allowed ✓ %c%s color:#a78bfa;font-weight:bold color:#34d399;font-weight:bold color:#94a3b8 color:#64748b /router/guards @ http://localhost:5174/src/groups.ts:56
[  535150ms] [LOG] %c🧭 Loom Guard %c docs-log %c— route allowed ✓ %c%s color:#a78bfa;font-weight:bold color:#34d399;font-weight:bold color:#94a3b8 color:#64748b /router/navigation @ http://localhost:5174/src/groups.ts:56
[  535156ms] [LOG] %c🧭 Loom Guard %c docs-log %c— route allowed ✓ %c%s color:#a78bfa;font-weight:bold color:#34d399;font-weight:bold color:#94a3b8 color:#64748b /router/navigation @ http://localhost:5174/src/groups.ts:56
[  535281ms] [LOG] %c🧭 Loom Guard %c docs-log %c— route allowed ✓ %c%s color:#a78bfa;font-weight:bold color:#34d399;font-weight:bold color:#94a3b8 color:#64748b /router/route-lifecycle @ http://localhost:5174/src/groups.ts:56
[  535287ms] [LOG] %c🧭 Loom Guard %c docs-log %c— route allowed ✓ %c%s color:#a78bfa;font-weight:bold color:#34d399;font-weight:bold color:#94a3b8 color:#64748b /router/route-lifecycle @ http://localhost:5174/src/groups.ts:56
[  535411ms] [LOG] %c🧭 Loom Guard %c docs-log %c— route allowed ✓ %c%s color:#a78bfa;font-weight:bold color:#34d399;font-weight:bold color:#94a3b8 color:#64748b /router/decorators @ http://localhost:5174/src/groups.ts:56
[  535417ms] [LOG] %c🧭 Loom Guard %c docs-log %c— route allowed ✓ %c%s color:#a78bfa;font-weight:bold color:#34d399;font-weight:bold color:#94a3b8 color:#64748b /router/decorators @ http://localhost:5174/src/groups.ts:56
[  535541ms] [LOG] %c🧭 Loom Guard %c docs-log %c— route allowed ✓ %c%s color:#a78bfa;font-weight:bold color:#34d399;font-weight:bold color:#94a3b8 color:#64748b /di/overview @ http://localhost:5174/src/groups.ts:56
[  535547ms] [LOG] %c🧭 Loom Guard %c docs-log %c— route allowed ✓ %c%s color:#a78bfa;font-weight:bold color:#34d399;font-weight:bold color:#94a3b8 color:#64748b /di/overview @ http://localhost:5174/src/groups.ts:56
[  535672ms] [LOG] %c🧭 Loom Guard %c docs-log %c— route allowed ✓ %c%s color:#a78bfa;font-weight:bold color:#34d399;font-weight:bold color:#94a3b8 color:#64748b /di/decorators @ http://localhost:5174/src/groups.ts:56
[  535678ms] [LOG] %c🧭 Loom Guard %c docs-log %c— route allowed ✓ %c%s color:#a78bfa;font-weight:bold color:#34d399;font-weight:bold color:#94a3b8 color:#64748b /di/decorators @ http://localhost:5174/src/groups.ts:56
[  554605ms] [LOG] %c🧭 Loom Guard %c docs-log %c— route allowed ✓ %c%s color:#a78bfa;font-weight:bold color:#34d399;font-weight:bold color:#94a3b8 color:#64748b /element/overview @ http://localhost:5174/src/groups.ts:56
[  554612ms] [LOG] %c🧭 Loom Guard %c docs-log %c— route allowed ✓ %c%s color:#a78bfa;font-weight:bold color:#34d399;font-weight:bold color:#94a3b8 color:#64748b /element/overview @ http://localhost:5174/src/groups.ts:56
[  554766ms] [LOG] %c🧭 Loom Guard %c docs-log %c— route allowed ✓ %c%s color:#a78bfa;font-weight:bold color:#34d399;font-weight:bold color:#94a3b8 color:#64748b /element/lifecycle @ http://localhost:5174/src/groups.ts:56
[  554776ms] [LOG] %c🧭 Loom Guard %c docs-log %c— route allowed ✓ %c%s color:#a78bfa;font-weight:bold color:#34d399;font-weight:bold color:#94a3b8 color:#64748b /element/lifecycle @ http://localhost:5174/src/groups.ts:56
[  554926ms] [LOG] %c🧭 Loom Guard %c docs-log %c— route allowed ✓ %c%s color:#a78bfa;font-weight:bold color:#34d399;font-weight:bold color:#94a3b8 color:#64748b /element/timing @ http://localhost:5174/src/groups.ts:56
[  554938ms] [LOG] %c🧭 Loom Guard %c docs-log %c— route allowed ✓ %c%s color:#a78bfa;font-weight:bold color:#34d399;font-weight:bold color:#94a3b8 color:#64748b /element/timing @ http://localhost:5174/src/groups.ts:56
[  555086ms] [LOG] %c🧭 Loom Guard %c docs-log %c— route allowed ✓ %c%s color:#a78bfa;font-weight:bold color:#34d399;font-weight:bold color:#94a3b8 color:#64748b /element/css @ http://localhost:5174/src/groups.ts:56
[  555096ms] [LOG] %c🧭 Loom Guard %c docs-log %c— route allowed ✓ %c%s color:#a78bfa;font-weight:bold color:#34d399;font-weight:bold color:#94a3b8 color:#64748b /element/css @ http://localhost:5174/src/groups.ts:56
[  555247ms] [LOG] %c🧭 Loom Guard %c docs-log %c— route allowed ✓ %c%s color:#a78bfa;font-weight:bold color:#34d399;font-weight:bold color:#94a3b8 color:#64748b /element/queries @ http://localhost:5174/src/groups.ts:56
[  555254ms] [LOG] %c🧭 Loom Guard %c docs-log %c— route allowed ✓ %c%s color:#a78bfa;font-weight:bold color:#34d399;font-weight:bold color:#94a3b8 color:#64748b /element/queries @ http://localhost:5174/src/groups.ts:56
[  555407ms] [LOG] %c🧭 Loom Guard %c docs-log %c— route allowed ✓ %c%s color:#a78bfa;font-weight:bold color:#34d399;font-weight:bold color:#94a3b8 color:#64748b /element/jsx @ http://localhost:5174/src/groups.ts:56
[  555414ms] [LOG] %c🧭 Loom Guard %c docs-log %c— route allowed ✓ %c%s color:#a78bfa;font-weight:bold color:#34d399;font-weight:bold color:#94a3b8 color:#64748b /element/jsx @ http://localhost:5174/src/groups.ts:56
[  555567ms] [LOG] %c🧭 Loom Guard %c docs-log %c— route allowed ✓ %c%s color:#a78bfa;font-weight:bold color:#34d399;font-weight:bold color:#94a3b8 color:#64748b /element/decorators @ http://localhost:5174/src/groups.ts:56
[  555574ms] [LOG] %c🧭 Loom Guard %c docs-log %c— route allowed ✓ %c%s color:#a78bfa;font-weight:bold color:#34d399;font-weight:bold color:#94a3b8 color:#64748b /element/decorators @ http://localhost:5174/src/groups.ts:56
[  555728ms] [LOG] %c🧭 Loom Guard %c docs-log %c— route allowed ✓ %c%s color:#a78bfa;font-weight:bold color:#34d399;font-weight:bold color:#94a3b8 color:#64748b /element/attributes @ http://localhost:5174/src/groups.ts:56
[  555736ms] [LOG] %c🧭 Loom Guard %c docs-log %c— route allowed ✓ %c%s color:#a78bfa;font-weight:bold color:#34d399;font-weight:bold color:#94a3b8 color:#64748b /element/attributes @ http://localhost:5174/src/groups.ts:56
[  555888ms] [LOG] %c🧭 Loom Guard %c docs-log %c— route allowed ✓ %c%s color:#a78bfa;font-weight:bold color:#34d399;font-weight:bold color:#94a3b8 color:#64748b /element/light-dom @ http://localhost:5174/src/groups.ts:56
[  555896ms] [LOG] %c🧭 Loom Guard %c docs-log %c— route allowed ✓ %c%s color:#a78bfa;font-weight:bold color:#34d399;font-weight:bold color:#94a3b8 color:#64748b /element/light-dom @ http://localhost:5174/src/groups.ts:56
[  556048ms] [LOG] %c🧭 Loom Guard %c docs-log %c— route allowed ✓ %c%s color:#a78bfa;font-weight:bold color:#34d399;font-weight:bold color:#94a3b8 color:#64748b /element/lazy @ http://localhost:5174/src/groups.ts:56
[  556058ms] [LOG] %c🧭 Loom Guard %c docs-log %c— route allowed ✓ %c%s color:#a78bfa;font-weight:bold color:#34d399;font-weight:bold color:#94a3b8 color:#64748b /element/lazy @ http://localhost:5174/src/groups.ts:56
[  556209ms] [LOG] %c🧭 Loom Guard %c docs-log %c— route allowed ✓ %c%s color:#a78bfa;font-weight:bold color:#34d399;font-weight:bold color:#94a3b8 color:#64748b /element/observer @ http://localhost:5174/src/groups.ts:56
[  556221ms] [LOG] %c🧭 Loom Guard %c docs-log %c— route allowed ✓ %c%s color:#a78bfa;font-weight:bold color:#34d399;font-weight:bold color:#94a3b8 color:#64748b /element/observer @ http://localhost:5174/src/groups.ts:56
[  556369ms] [LOG] %c🧭 Loom Guard %c docs-log %c— route allowed ✓ %c%s color:#a78bfa;font-weight:bold color:#34d399;font-weight:bold color:#94a3b8 color:#64748b /element/forms @ http://localhost:5174/src/groups.ts:56
[  556377ms] [LOG] %c🧭 Loom Guard %c docs-log %c— route allowed ✓ %c%s color:#a78bfa;font-weight:bold color:#34d399;font-weight:bold color:#94a3b8 color:#64748b /element/forms @ http://localhost:5174/src/groups.ts:56
[  556529ms] [LOG] %c🧭 Loom Guard %c docs-log %c— route allowed ✓ %c%s color:#a78bfa;font-weight:bold color:#34d399;font-weight:bold color:#94a3b8 color:#64748b /store/api @ http://localhost:5174/src/groups.ts:56
[  556537ms] [LOG] %c🧭 Loom Guard %c docs-log %c— route allowed ✓ %c%s color:#a78bfa;font-weight:bold color:#34d399;font-weight:bold color:#94a3b8 color:#64748b /store/api @ http://localhost:5174/src/groups.ts:56
[  556689ms] [LOG] %c🧭 Loom Guard %c docs-log %c— route allowed ✓ %c%s color:#a78bfa;font-weight:bold color:#34d399;font-weight:bold color:#94a3b8 color:#64748b /element/virtual-list @ http://localhost:5174/src/groups.ts:56
[  556697ms] [LOG] %c🧭 Loom Guard %c docs-log %c— route allowed ✓ %c%s color:#a78bfa;font-weight:bold color:#34d399;font-weight:bold color:#94a3b8 color:#64748b /element/virtual-list @ http://localhost:5174/src/groups.ts:56
[  556850ms] [LOG] %c🧭 Loom Guard %c docs-log %c— route allowed ✓ %c%s color:#a78bfa;font-weight:bold color:#34d399;font-weight:bold color:#94a3b8 color:#64748b /element/icon @ http://localhost:5174/src/groups.ts:56
[  556858ms] [LOG] %c🧭 Loom Guard %c docs-log %c— route allowed ✓ %c%s color:#a78bfa;font-weight:bold color:#34d399;font-weight:bold color:#94a3b8 color:#64748b /element/icon @ http://localhost:5174/src/groups.ts:56
[  557010ms] [LOG] %c🧭 Loom Guard %c docs-log %c— route allowed ✓ %c%s color:#a78bfa;font-weight:bold color:#34d399;font-weight:bold color:#94a3b8 color:#64748b /element/canvas @ http://localhost:5174/src/groups.ts:56
[  557017ms] [LOG] %c🧭 Loom Guard %c docs-log %c— route allowed ✓ %c%s color:#a78bfa;font-weight:bold color:#34d399;font-weight:bold color:#94a3b8 color:#64748b /element/canvas @ http://localhost:5174/src/groups.ts:56
[  557170ms] [LOG] %c🧭 Loom Guard %c docs-log %c— route allowed ✓ %c%s color:#a78bfa;font-weight:bold color:#34d399;font-weight:bold color:#94a3b8 color:#64748b /element/image @ http://localhost:5174/src/groups.ts:56
[  557178ms] [LOG] %c🧭 Loom Guard %c docs-log %c— route allowed ✓ %c%s color:#a78bfa;font-weight:bold color:#34d399;font-weight:bold color:#94a3b8 color:#64748b /element/image @ http://localhost:5174/src/groups.ts:56
[  557331ms] [LOG] %c🧭 Loom Guard %c docs-log %c— route allowed ✓ %c%s color:#a78bfa;font-weight:bold color:#34d399;font-weight:bold color:#94a3b8 color:#64748b /decorators/overview @ http://localhost:5174/src/groups.ts:56
[  557339ms] [LOG] %c🧭 Loom Guard %c docs-log %c— route allowed ✓ %c%s color:#a78bfa;font-weight:bold color:#34d399;font-weight:bold color:#94a3b8 color:#64748b /decorators/overview @ http://localhost:5174/src/groups.ts:56
[  557491ms] [LOG] %c🧭 Loom Guard %c docs-log %c— route allowed ✓ %c%s color:#a78bfa;font-weight:bold color:#34d399;font-weight:bold color:#94a3b8 color:#64748b /decorators/events @ http://localhost:5174/src/groups.ts:56
[  557503ms] [LOG] %c🧭 Loom Guard %c docs-log %c— route allowed ✓ %c%s color:#a78bfa;font-weight:bold color:#34d399;font-weight:bold color:#94a3b8 color:#64748b /decorators/events @ http://localhost:5174/src/groups.ts:56
[  557651ms] [LOG] %c🧭 Loom Guard %c docs-log %c— route allowed ✓ %c%s color:#a78bfa;font-weight:bold color:#34d399;font-weight:bold color:#94a3b8 color:#64748b /decorators/transform @ http://localhost:5174/src/groups.ts:56
[  557659ms] [LOG] %c🧭 Loom Guard %c docs-log %c— route allowed ✓ %c%s color:#a78bfa;font-weight:bold color:#34d399;font-weight:bold color:#94a3b8 color:#64748b /decorators/transform @ http://localhost:5174/src/groups.ts:56
[  557811ms] [LOG] %c🧭 Loom Guard %c docs-log %c— route allowed ✓ %c%s color:#a78bfa;font-weight:bold color:#34d399;font-weight:bold color:#94a3b8 color:#64748b /decorators/hotkey @ http://localhost:5174/src/groups.ts:56
[  557818ms] [LOG] %c🧭 Loom Guard %c docs-log %c— route allowed ✓ %c%s color:#a78bfa;font-weight:bold color:#34d399;font-weight:bold color:#94a3b8 color:#64748b /decorators/hotkey @ http://localhost:5174/src/groups.ts:56
[  557972ms] [LOG] %c🧭 Loom Guard %c docs-log %c— route allowed ✓ %c%s color:#a78bfa;font-weight:bold color:#34d399;font-weight:bold color:#94a3b8 color:#64748b /decorators/log @ http://localhost:5174/src/groups.ts:56
[  557980ms] [LOG] %c🧭 Loom Guard %c docs-log %c— route allowed ✓ %c%s color:#a78bfa;font-weight:bold color:#34d399;font-weight:bold color:#94a3b8 color:#64748b /decorators/log @ http://localhost:5174/src/groups.ts:56
[  558132ms] [LOG] %c🧭 Loom Guard %c docs-log %c— route allowed ✓ %c%s color:#a78bfa;font-weight:bold color:#34d399;font-weight:bold color:#94a3b8 color:#64748b /decorators/context @ http://localhost:5174/src/groups.ts:56
[  558140ms] [LOG] %c🧭 Loom Guard %c docs-log %c— route allowed ✓ %c%s color:#a78bfa;font-weight:bold color:#34d399;font-weight:bold color:#94a3b8 color:#64748b /decorators/context @ http://localhost:5174/src/groups.ts:56
[  558292ms] [LOG] %c🧭 Loom Guard %c docs-log %c— route allowed ✓ %c%s color:#a78bfa;font-weight:bold color:#34d399;font-weight:bold color:#94a3b8 color:#64748b /decorators/portal @ http://localhost:5174/src/groups.ts:56
[  558299ms] [LOG] %c🧭 Loom Guard %c docs-log %c— route allowed ✓ %c%s color:#a78bfa;font-weight:bold color:#34d399;font-weight:bold color:#94a3b8 color:#64748b /decorators/portal @ http://localhost:5174/src/groups.ts:56
[  558453ms] [LOG] %c🧭 Loom Guard %c docs-log %c— route allowed ✓ %c%s color:#a78bfa;font-weight:bold color:#34d399;font-weight:bold color:#94a3b8 color:#64748b /decorators/symbols @ http://localhost:5174/src/groups.ts:56
[  558462ms] [LOG] %c🧭 Loom Guard %c docs-log %c— route allowed ✓ %c%s color:#a78bfa;font-weight:bold color:#34d399;font-weight:bold color:#94a3b8 color:#64748b /decorators/symbols @ http://localhost:5174/src/groups.ts:56
[  558613ms] [LOG] %c🧭 Loom Guard %c docs-log %c— route allowed ✓ %c%s color:#a78bfa;font-weight:bold color:#34d399;font-weight:bold color:#94a3b8 color:#64748b /decorators/media @ http://localhost:5174/src/groups.ts:56
[  558621ms] [LOG] %c🧭 Loom Guard %c docs-log %c— route allowed ✓ %c%s color:#a78bfa;font-weight:bold color:#34d399;font-weight:bold color:#94a3b8 color:#64748b /decorators/media @ http://localhost:5174/src/groups.ts:56
[  558773ms] [LOG] %c🧭 Loom Guard %c docs-log %c— route allowed ✓ %c%s color:#a78bfa;font-weight:bold color:#34d399;font-weight:bold color:#94a3b8 color:#64748b /decorators/fullscreen @ http://localhost:5174/src/groups.ts:56
[  558779ms] [LOG] %c🧭 Loom Guard %c docs-log %c— route allowed ✓ %c%s color:#a78bfa;font-weight:bold color:#34d399;font-weight:bold color:#94a3b8 color:#64748b /decorators/fullscreen @ http://localhost:5174/src/groups.ts:56
[  558934ms] [LOG] %c🧭 Loom Guard %c docs-log %c— route allowed ✓ %c%s color:#a78bfa;font-weight:bold color:#34d399;font-weight:bold color:#94a3b8 color:#64748b /decorators/clipboard @ http://localhost:5174/src/groups.ts:56
[  558940ms] [LOG] %c🧭 Loom Guard %c docs-log %c— route allowed ✓ %c%s color:#a78bfa;font-weight:bold color:#34d399;font-weight:bold color:#94a3b8 color:#64748b /decorators/clipboard @ http://localhost:5174/src/groups.ts:56
[  559094ms] [LOG] %c🧭 Loom Guard %c docs-log %c— route allowed ✓ %c%s color:#a78bfa;font-weight:bold color:#34d399;font-weight:bold color:#94a3b8 color:#64748b /decorators/dnd @ http://localhost:5174/src/groups.ts:56
[  559102ms] [LOG] %c🧭 Loom Guard %c docs-log %c— route allowed ✓ %c%s color:#a78bfa;font-weight:bold color:#34d399;font-weight:bold color:#94a3b8 color:#64748b /decorators/dnd @ http://localhost:5174/src/groups.ts:56
[  559254ms] [LOG] %c🧭 Loom Guard %c docs-log %c— route allowed ✓ %c%s color:#a78bfa;font-weight:bold color:#34d399;font-weight:bold color:#94a3b8 color:#64748b /decorators/css @ http://localhost:5174/src/groups.ts:56
[  559262ms] [LOG] %c🧭 Loom Guard %c docs-log %c— route allowed ✓ %c%s color:#a78bfa;font-weight:bold color:#34d399;font-weight:bold color:#94a3b8 color:#64748b /decorators/css @ http://localhost:5174/src/groups.ts:56
[  559415ms] [LOG] %c🧭 Loom Guard %c docs-log %c— route allowed ✓ %c%s color:#a78bfa;font-weight:bold color:#34d399;font-weight:bold color:#94a3b8 color:#64748b /store/overview @ http://localhost:5174/src/groups.ts:56
[  559422ms] [LOG] %c🧭 Loom Guard %c docs-log %c— route allowed ✓ %c%s color:#a78bfa;font-weight:bold color:#34d399;font-weight:bold color:#94a3b8 color:#64748b /store/overview @ http://localhost:5174/src/groups.ts:56
[  559575ms] [LOG] %c🧭 Loom Guard %c docs-log %c— route allowed ✓ %c%s color:#a78bfa;font-weight:bold color:#34d399;font-weight:bold color:#94a3b8 color:#64748b /store/reactive @ http://localhost:5174/src/groups.ts:56
[  559583ms] [LOG] %c🧭 Loom Guard %c docs-log %c— route allowed ✓ %c%s color:#a78bfa;font-weight:bold color:#34d399;font-weight:bold color:#94a3b8 color:#64748b /store/reactive @ http://localhost:5174/src/groups.ts:56
[  559735ms] [LOG] %c🧭 Loom Guard %c docs-log %c— route allowed ✓ %c%s color:#a78bfa;font-weight:bold color:#34d399;font-weight:bold color:#94a3b8 color:#64748b /store/store-decorator @ http://localhost:5174/src/groups.ts:56
[  559742ms] [LOG] %c🧭 Loom Guard %c docs-log %c— route allowed ✓ %c%s color:#a78bfa;font-weight:bold color:#34d399;font-weight:bold color:#94a3b8 color:#64748b /store/store-decorator @ http://localhost:5174/src/groups.ts:56
[  559896ms] [LOG] %c🧭 Loom Guard %c docs-log %c— route allowed ✓ %c%s color:#a78bfa;font-weight:bold color:#34d399;font-weight:bold color:#94a3b8 color:#64748b /store/storage @ http://localhost:5174/src/groups.ts:56
[  559904ms] [LOG] %c🧭 Loom Guard %c docs-log %c— route allowed ✓ %c%s color:#a78bfa;font-weight:bold color:#34d399;font-weight:bold color:#94a3b8 color:#64748b /store/storage @ http://localhost:5174/src/groups.ts:56
[  560056ms] [LOG] %c🧭 Loom Guard %c docs-log %c— route allowed ✓ %c%s color:#a78bfa;font-weight:bold color:#34d399;font-weight:bold color:#94a3b8 color:#64748b /store/patterns @ http://localhost:5174/src/groups.ts:56
[  560065ms] [LOG] %c🧭 Loom Guard %c docs-log %c— route allowed ✓ %c%s color:#a78bfa;font-weight:bold color:#34d399;font-weight:bold color:#94a3b8 color:#64748b /store/patterns @ http://localhost:5174/src/groups.ts:56
[  560216ms] [LOG] %c🧭 Loom Guard %c docs-log %c— route allowed ✓ %c%s color:#a78bfa;font-weight:bold color:#34d399;font-weight:bold color:#94a3b8 color:#64748b /store/signals @ http://localhost:5174/src/groups.ts:56
[  560225ms] [LOG] %c🧭 Loom Guard %c docs-log %c— route allowed ✓ %c%s color:#a78bfa;font-weight:bold color:#34d399;font-weight:bold color:#94a3b8 color:#64748b /store/signals @ http://localhost:5174/src/groups.ts:56
[  560377ms] [LOG] %c🧭 Loom Guard %c docs-log %c— route allowed ✓ %c%s color:#a78bfa;font-weight:bold color:#34d399;font-weight:bold color:#94a3b8 color:#64748b /router/overview @ http://localhost:5174/src/groups.ts:56
[  560383ms] [LOG] %c🧭 Loom Guard %c docs-log %c— route allowed ✓ %c%s color:#a78bfa;font-weight:bold color:#34d399;font-weight:bold color:#94a3b8 color:#64748b /router/overview @ http://localhost:5174/src/groups.ts:56
[  560537ms] [LOG] %c🧭 Loom Guard %c docs-log %c— route allowed ✓ %c%s color:#a78bfa;font-weight:bold color:#34d399;font-weight:bold color:#94a3b8 color:#64748b /router/routes @ http://localhost:5174/src/groups.ts:56
[  560545ms] [LOG] %c🧭 Loom Guard %c docs-log %c— route allowed ✓ %c%s color:#a78bfa;font-weight:bold color:#34d399;font-weight:bold color:#94a3b8 color:#64748b /router/routes @ http://localhost:5174/src/groups.ts:56
[  560697ms] [LOG] %c🧭 Loom Guard %c docs-log %c— route allowed ✓ %c%s color:#a78bfa;font-weight:bold color:#34d399;font-weight:bold color:#94a3b8 color:#64748b /router/route-data @ http://localhost:5174/src/groups.ts:56
[  560708ms] [LOG] %c🧭 Loom Guard %c docs-log %c— route allowed ✓ %c%s color:#a78bfa;font-weight:bold color:#34d399;font-weight:bold color:#94a3b8 color:#64748b /router/route-data @ http://localhost:5174/src/groups.ts:56
[  560858ms] [LOG] %c🧭 Loom Guard %c docs-log %c— route allowed ✓ %c%s color:#a78bfa;font-weight:bold color:#34d399;font-weight:bold color:#94a3b8 color:#64748b /router/groups @ http://localhost:5174/src/groups.ts:56
[  560868ms] [LOG] %c🧭 Loom Guard %c docs-log %c— route allowed ✓ %c%s color:#a78bfa;font-weight:bold color:#34d399;font-weight:bold color:#94a3b8 color:#64748b /router/groups @ http://localhost:5174/src/groups.ts:56
[  561018ms] [LOG] %c🧭 Loom Guard %c docs-log %c— route allowed ✓ %c%s color:#a78bfa;font-weight:bold color:#34d399;font-weight:bold color:#94a3b8 color:#64748b /router/guards @ http://localhost:5174/src/groups.ts:56
[  561026ms] [LOG] %c🧭 Loom Guard %c docs-log %c— route allowed ✓ %c%s color:#a78bfa;font-weight:bold color:#34d399;font-weight:bold color:#94a3b8 color:#64748b /router/guards @ http://localhost:5174/src/groups.ts:56
[  561178ms] [LOG] %c🧭 Loom Guard %c docs-log %c— route allowed ✓ %c%s color:#a78bfa;font-weight:bold color:#34d399;font-weight:bold color:#94a3b8 color:#64748b /router/navigation @ http://localhost:5174/src/groups.ts:56
[  561186ms] [LOG] %c🧭 Loom Guard %c docs-log %c— route allowed ✓ %c%s color:#a78bfa;font-weight:bold color:#34d399;font-weight:bold color:#94a3b8 color:#64748b /router/navigation @ http://localhost:5174/src/groups.ts:56
[  561339ms] [LOG] %c🧭 Loom Guard %c docs-log %c— route allowed ✓ %c%s color:#a78bfa;font-weight:bold color:#34d399;font-weight:bold color:#94a3b8 color:#64748b /router/route-lifecycle @ http://localhost:5174/src/groups.ts:56
[  561346ms] [LOG] %c🧭 Loom Guard %c docs-log %c— route allowed ✓ %c%s color:#a78bfa;font-weight:bold color:#34d399;font-weight:bold color:#94a3b8 color:#64748b /router/route-lifecycle @ http://localhost:5174/src/groups.ts:56
[  561499ms] [LOG] %c🧭 Loom Guard %c docs-log %c— route allowed ✓ %c%s color:#a78bfa;font-weight:bold color:#34d399;font-weight:bold color:#94a3b8 color:#64748b /router/decorators @ http://localhost:5174/src/groups.ts:56
[  561508ms] [LOG] %c🧭 Loom Guard %c docs-log %c— route allowed ✓ %c%s color:#a78bfa;font-weight:bold color:#34d399;font-weight:bold color:#94a3b8 color:#64748b /router/decorators @ http://localhost:5174/src/groups.ts:56
[  561659ms] [LOG] %c🧭 Loom Guard %c docs-log %c— route allowed ✓ %c%s color:#a78bfa;font-weight:bold color:#34d399;font-weight:bold color:#94a3b8 color:#64748b /di/overview @ http://localhost:5174/src/groups.ts:56
[  561668ms] [LOG] %c🧭 Loom Guard %c docs-log %c— route allowed ✓ %c%s color:#a78bfa;font-weight:bold color:#34d399;font-weight:bold color:#94a3b8 color:#64748b /di/overview @ http://localhost:5174/src/groups.ts:56
[  561820ms] [LOG] %c🧭 Loom Guard %c docs-log %c— route allowed ✓ %c%s color:#a78bfa;font-weight:bold color:#34d399;font-weight:bold color:#94a3b8 color:#64748b /di/decorators @ http://localhost:5174/src/groups.ts:56
[  561828ms] [LOG] %c🧭 Loom Guard %c docs-log %c— route allowed ✓ %c%s color:#a78bfa;font-weight:bold color:#34d399;font-weight:bold color:#94a3b8 color:#64748b /di/decorators @ http://localhost:5174/src/groups.ts:56
[  605483ms] [LOG] %c🧭 Loom Guard %c docs-log %c— route allowed ✓ %c%s color:#a78bfa;font-weight:bold color:#34d399;font-weight:bold color:#94a3b8 color:#64748b /element/overview @ http://localhost:5174/src/groups.ts:56
[  605490ms] [LOG] %c🧭 Loom Guard %c docs-log %c— route allowed ✓ %c%s color:#a78bfa;font-weight:bold color:#34d399;font-weight:bold color:#94a3b8 color:#64748b /element/overview @ http://localhost:5174/src/groups.ts:56
[  605684ms] [LOG] %c🧭 Loom Guard %c docs-log %c— route allowed ✓ %c%s color:#a78bfa;font-weight:bold color:#34d399;font-weight:bold color:#94a3b8 color:#64748b /element/timing @ http://localhost:5174/src/groups.ts:56
[  605694ms] [LOG] %c🧭 Loom Guard %c docs-log %c— route allowed ✓ %c%s color:#a78bfa;font-weight:bold color:#34d399;font-weight:bold color:#94a3b8 color:#64748b /element/timing @ http://localhost:5174/src/groups.ts:56
[  605885ms] [LOG] %c🧭 Loom Guard %c docs-log %c— route allowed ✓ %c%s color:#a78bfa;font-weight:bold color:#34d399;font-weight:bold color:#94a3b8 color:#64748b /element/decorators @ http://localhost:5174/src/groups.ts:56
[  605892ms] [LOG] %c🧭 Loom Guard %c docs-log %c— route allowed ✓ %c%s color:#a78bfa;font-weight:bold color:#34d399;font-weight:bold color:#94a3b8 color:#64748b /element/decorators @ http://localhost:5174/src/groups.ts:56
[  606085ms] [LOG] %c🧭 Loom Guard %c docs-log %c— route allowed ✓ %c%s color:#a78bfa;font-weight:bold color:#34d399;font-weight:bold color:#94a3b8 color:#64748b /element/attributes @ http://localhost:5174/src/groups.ts:56
[  606094ms] [LOG] %c🧭 Loom Guard %c docs-log %c— route allowed ✓ %c%s color:#a78bfa;font-weight:bold color:#34d399;font-weight:bold color:#94a3b8 color:#64748b /element/attributes @ http://localhost:5174/src/groups.ts:56
[  606286ms] [LOG] %c🧭 Loom Guard %c docs-log %c— route allowed ✓ %c%s color:#a78bfa;font-weight:bold color:#34d399;font-weight:bold color:#94a3b8 color:#64748b /element/icon @ http://localhost:5174/src/groups.ts:56
[  606295ms] [LOG] %c🧭 Loom Guard %c docs-log %c— route allowed ✓ %c%s color:#a78bfa;font-weight:bold color:#34d399;font-weight:bold color:#94a3b8 color:#64748b /element/icon @ http://localhost:5174/src/groups.ts:56
[  606486ms] [LOG] %c🧭 Loom Guard %c docs-log %c— route allowed ✓ %c%s color:#a78bfa;font-weight:bold color:#34d399;font-weight:bold color:#94a3b8 color:#64748b /decorators/overview @ http://localhost:5174/src/groups.ts:56
[  606495ms] [LOG] %c🧭 Loom Guard %c docs-log %c— route allowed ✓ %c%s color:#a78bfa;font-weight:bold color:#34d399;font-weight:bold color:#94a3b8 color:#64748b /decorators/overview @ http://localhost:5174/src/groups.ts:56
[  606687ms] [LOG] %c🧭 Loom Guard %c docs-log %c— route allowed ✓ %c%s color:#a78bfa;font-weight:bold color:#34d399;font-weight:bold color:#94a3b8 color:#64748b /decorators/events @ http://localhost:5174/src/groups.ts:56
[  606701ms] [LOG] %c🧭 Loom Guard %c docs-log %c— route allowed ✓ %c%s color:#a78bfa;font-weight:bold color:#34d399;font-weight:bold color:#94a3b8 color:#64748b /decorators/events @ http://localhost:5174/src/groups.ts:56
[  606888ms] [LOG] %c🧭 Loom Guard %c docs-log %c— route allowed ✓ %c%s color:#a78bfa;font-weight:bold color:#34d399;font-weight:bold color:#94a3b8 color:#64748b /decorators/dnd @ http://localhost:5174/src/groups.ts:56
[  606897ms] [LOG] %c🧭 Loom Guard %c docs-log %c— route allowed ✓ %c%s color:#a78bfa;font-weight:bold color:#34d399;font-weight:bold color:#94a3b8 color:#64748b /decorators/dnd @ http://localhost:5174/src/groups.ts:56
[  607088ms] [LOG] %c🧭 Loom Guard %c docs-log %c— route allowed ✓ %c%s color:#a78bfa;font-weight:bold color:#34d399;font-weight:bold color:#94a3b8 color:#64748b /store/overview @ http://localhost:5174/src/groups.ts:56
[  607096ms] [LOG] %c🧭 Loom Guard %c docs-log %c— route allowed ✓ %c%s color:#a78bfa;font-weight:bold color:#34d399;font-weight:bold color:#94a3b8 color:#64748b /store/overview @ http://localhost:5174/src/groups.ts:56
[  607289ms] [LOG] %c🧭 Loom Guard %c docs-log %c— route allowed ✓ %c%s color:#a78bfa;font-weight:bold color:#34d399;font-weight:bold color:#94a3b8 color:#64748b /store/storage @ http://localhost:5174/src/groups.ts:56
[  607297ms] [LOG] %c🧭 Loom Guard %c docs-log %c— route allowed ✓ %c%s color:#a78bfa;font-weight:bold color:#34d399;font-weight:bold color:#94a3b8 color:#64748b /store/storage @ http://localhost:5174/src/groups.ts:56
[  607489ms] [LOG] %c🧭 Loom Guard %c docs-log %c— route allowed ✓ %c%s color:#a78bfa;font-weight:bold color:#34d399;font-weight:bold color:#94a3b8 color:#64748b /store/signals @ http://localhost:5174/src/groups.ts:56
[  607498ms] [LOG] %c🧭 Loom Guard %c docs-log %c— route allowed ✓ %c%s color:#a78bfa;font-weight:bold color:#34d399;font-weight:bold color:#94a3b8 color:#64748b /store/signals @ http://localhost:5174/src/groups.ts:56
[  607690ms] [LOG] %c🧭 Loom Guard %c docs-log %c— route allowed ✓ %c%s color:#a78bfa;font-weight:bold color:#34d399;font-weight:bold color:#94a3b8 color:#64748b /router/guards @ http://localhost:5174/src/groups.ts:56
[  607698ms] [LOG] %c🧭 Loom Guard %c docs-log %c— route allowed ✓ %c%s color:#a78bfa;font-weight:bold color:#34d399;font-weight:bold color:#94a3b8 color:#64748b /router/guards @ http://localhost:5174/src/groups.ts:56
[  607890ms] [LOG] %c🧭 Loom Guard %c docs-log %c— route allowed ✓ %c%s color:#a78bfa;font-weight:bold color:#34d399;font-weight:bold color:#94a3b8 color:#64748b /router/routes @ http://localhost:5174/src/groups.ts:56
[  607900ms] [LOG] %c🧭 Loom Guard %c docs-log %c— route allowed ✓ %c%s color:#a78bfa;font-weight:bold color:#34d399;font-weight:bold color:#94a3b8 color:#64748b /router/routes @ http://localhost:5174/src/groups.ts:56
[  608091ms] [LOG] %c🧭 Loom Guard %c docs-log %c— route allowed ✓ %c%s color:#a78bfa;font-weight:bold color:#34d399;font-weight:bold color:#94a3b8 color:#64748b /di/overview @ http://localhost:5174/src/groups.ts:56
[  608100ms] [LOG] %c🧭 Loom Guard %c docs-log %c— route allowed ✓ %c%s color:#a78bfa;font-weight:bold color:#34d399;font-weight:bold color:#94a3b8 color:#64748b /di/overview @ http://localhost:5174/src/groups.ts:56
[  608292ms] [LOG] %c🧭 Loom Guard %c docs-log %c— route allowed ✓ %c%s color:#a78bfa;font-weight:bold color:#34d399;font-weight:bold color:#94a3b8 color:#64748b /di/decorators @ http://localhost:5174/src/groups.ts:56
[  608299ms] [LOG] %c🧭 Loom Guard %c docs-log %c— route allowed ✓ %c%s color:#a78bfa;font-weight:bold color:#34d399;font-weight:bold color:#94a3b8 color:#64748b /di/decorators @ http://localhost:5174/src/groups.ts:56
[  608492ms] [LOG] %c🧭 Loom Guard %c docs-log %c— route allowed ✓ %c%s color:#a78bfa;font-weight:bold color:#34d399;font-weight:bold color:#94a3b8 color:#64748b /packages/rpc-overview @ http://localhost:5174/src/groups.ts:56
[  608498ms] [LOG] %c🧭 Loom Guard %c docs-log %c— route allowed ✓ %c%s color:#a78bfa;font-weight:bold color:#34d399;font-weight:bold color:#94a3b8 color:#64748b /packages/rpc-overview @ http://localhost:5174/src/groups.ts:56
[  608693ms] [LOG] %c🧭 Loom Guard %c docs-log %c— route allowed ✓ %c%s color:#a78bfa;font-weight:bold color:#34d399;font-weight:bold color:#94a3b8 color:#64748b /packages/rpc-streams @ http://localhost:5174/src/groups.ts:56
[  608698ms] [LOG] %c🧭 Loom Guard %c docs-log %c— route allowed ✓ %c%s color:#a78bfa;font-weight:bold color:#34d399;font-weight:bold color:#94a3b8 color:#64748b /packages/rpc-streams @ http://localhost:5174/src/groups.ts:56
[  608893ms] [LOG] %c🧭 Loom Guard %c docs-log %c— route allowed ✓ %c%s color:#a78bfa;font-weight:bold color:#34d399;font-weight:bold color:#94a3b8 color:#64748b /packages/flags-overview @ http://localhost:5174/src/groups.ts:56
[  608899ms] [LOG] %c🧭 Loom Guard %c docs-log %c— route allowed ✓ %c%s color:#a78bfa;font-weight:bold color:#34d399;font-weight:bold color:#94a3b8 color:#64748b /packages/flags-overview @ http://localhost:5174/src/groups.ts:56
[  609094ms] [LOG] %c🧭 Loom Guard %c docs-log %c— route allowed ✓ %c%s color:#a78bfa;font-weight:bold color:#34d399;font-weight:bold color:#94a3b8 color:#64748b /packages/create-loom @ http://localhost:5174/src/groups.ts:56
[  609100ms] [LOG] %c🧭 Loom Guard %c docs-log %c— route allowed ✓ %c%s color:#a78bfa;font-weight:bold color:#34d399;font-weight:bold color:#94a3b8 color:#64748b /packages/create-loom @ http://localhost:5174/src/groups.ts:56
[  609295ms] [LOG] %c🧭 Loom Guard %c docs-log %c— route allowed ✓ %c%s color:#a78bfa;font-weight:bold color:#34d399;font-weight:bold color:#94a3b8 color:#64748b /examples/clock @ http://localhost:5174/src/groups.ts:56
[  609300ms] [LOG] %c🧭 Loom Guard %c docs-log %c— route allowed ✓ %c%s color:#a78bfa;font-weight:bold color:#34d399;font-weight:bold color:#94a3b8 color:#64748b /examples/clock @ http://localhost:5174/src/groups.ts:56
[  609495ms] [LOG] %c🧭 Loom Guard %c docs-log %c— route allowed ✓ %c%s color:#a78bfa;font-weight:bold color:#34d399;font-weight:bold color:#94a3b8 color:#64748b /examples/todo @ http://localhost:5174/src/groups.ts:56
[  609500ms] [LOG] %c🧭 Loom Guard %c docs-log %c— route allowed ✓ %c%s color:#a78bfa;font-weight:bold color:#34d399;font-weight:bold color:#94a3b8 color:#64748b /examples/todo @ http://localhost:5174/src/groups.ts:56
[  609696ms] [LOG] %c🧭 Loom Guard %c docs-log %c— route allowed ✓ %c%s color:#a78bfa;font-weight:bold color:#34d399;font-weight:bold color:#94a3b8 color:#64748b /examples/kanban @ http://localhost:5174/src/groups.ts:56
[  609702ms] [LOG] %c🧭 Loom Guard %c docs-log %c— route allowed ✓ %c%s color:#a78bfa;font-weight:bold color:#34d399;font-weight:bold color:#94a3b8 color:#64748b /examples/kanban @ http://localhost:5174/src/groups.ts:56
[  609896ms] [LOG] %c🧭 Loom Guard %c docs-log %c— route allowed ✓ %c%s color:#a78bfa;font-weight:bold color:#34d399;font-weight:bold color:#94a3b8 color:#64748b /examples/canvas-game @ http://localhost:5174/src/groups.ts:56
[  609903ms] [LOG] %c🧭 Loom Guard %c docs-log %c— route allowed ✓ %c%s color:#a78bfa;font-weight:bold color:#34d399;font-weight:bold color:#94a3b8 color:#64748b /examples/canvas-game @ http://localhost:5174/src/groups.ts:56
[  610097ms] [LOG] %c🧭 Loom Guard %c docs-log %c— route allowed ✓ %c%s color:#a78bfa;font-weight:bold color:#34d399;font-weight:bold color:#94a3b8 color:#64748b /examples/eventbus @ http://localhost:5174/src/groups.ts:56
[  610104ms] [LOG] %c🧭 Loom Guard %c docs-log %c— route allowed ✓ %c%s color:#a78bfa;font-weight:bold color:#34d399;font-weight:bold color:#94a3b8 color:#64748b /examples/eventbus @ http://localhost:5174/src/groups.ts:56
[  610298ms] [LOG] %c🧭 Loom Guard %c docs-log %c— route allowed ✓ %c%s color:#a78bfa;font-weight:bold color:#34d399;font-weight:bold color:#94a3b8 color:#64748b /examples/virtual-list-demo @ http://localhost:5174/src/groups.ts:56
[  610303ms] [LOG] %c🧭 Loom Guard %c docs-log %c— route allowed ✓ %c%s color:#a78bfa;font-weight:bold color:#34d399;font-weight:bold color:#94a3b8 color:#64748b /examples/virtual-list-demo @ http://localhost:5174/src/groups.ts:56
[  610498ms] [LOG] %c🧭 Loom Guard %c docs-log %c— route allowed ✓ %c%s color:#a78bfa;font-weight:bold color:#34d399;font-weight:bold color:#94a3b8 color:#64748b /examples/timing-demo @ http://localhost:5174/src/groups.ts:56
[  610503ms] [LOG] %c🧭 Loom Guard %c docs-log %c— route allowed ✓ %c%s color:#a78bfa;font-weight:bold color:#34d399;font-weight:bold color:#94a3b8 color:#64748b /examples/timing-demo @ http://localhost:5174/src/groups.ts:56
[  610699ms] [LOG] %c🧭 Loom Guard %c docs-log %c— route allowed ✓ %c%s color:#a78bfa;font-weight:bold color:#34d399;font-weight:bold color:#94a3b8 color:#64748b /examples/stress-test @ http://localhost:5174/src/groups.ts:56
[  610706ms] [LOG] %c🧭 Loom Guard %c docs-log %c— route allowed ✓ %c%s color:#a78bfa;font-weight:bold color:#34d399;font-weight:bold color:#94a3b8 color:#64748b /examples/stress-test @ http://localhost:5174/src/groups.ts:56
[  610903ms] [LOG] %c🧭 Loom Guard %c docs-log %c— route allowed ✓ %c%s color:#a78bfa;font-weight:bold color:#34d399;font-weight:bold color:#94a3b8 color:#64748b /examples/image-gallery @ http://localhost:5174/src/groups.ts:56
[  610910ms] [LOG] %c🧭 Loom Guard %c docs-log %c— route allowed ✓ %c%s color:#a78bfa;font-weight:bold color:#34d399;font-weight:bold color:#94a3b8 color:#64748b /examples/image-gallery @ http://localhost:5174/src/groups.ts:56
[  634859ms] [LOG] %c🧭 Loom Guard %c docs-log %c— route allowed ✓ %c%s color:#a78bfa;font-weight:bold color:#34d399;font-weight:bold color:#94a3b8 color:#64748b /element/overview @ http://localhost:5174/src/groups.ts:56
[  634866ms] [LOG] %c🧭 Loom Guard %c docs-log %c— route allowed ✓ %c%s color:#a78bfa;font-weight:bold color:#34d399;font-weight:bold color:#94a3b8 color:#64748b /element/overview @ http://localhost:5174/src/groups.ts:56
[  635050ms] [LOG] %c🧭 Loom Guard %c docs-log %c— route allowed ✓ %c%s color:#a78bfa;font-weight:bold color:#34d399;font-weight:bold color:#94a3b8 color:#64748b /element/lifecycle @ http://localhost:5174/src/groups.ts:56
[  635061ms] [LOG] %c🧭 Loom Guard %c docs-log %c— route allowed ✓ %c%s color:#a78bfa;font-weight:bold color:#34d399;font-weight:bold color:#94a3b8 color:#64748b /element/lifecycle @ http://localhost:5174/src/groups.ts:56
[  635240ms] [LOG] %c🧭 Loom Guard %c docs-log %c— route allowed ✓ %c%s color:#a78bfa;font-weight:bold color:#34d399;font-weight:bold color:#94a3b8 color:#64748b /element/timing @ http://localhost:5174/src/groups.ts:56
[  635252ms] [LOG] %c🧭 Loom Guard %c docs-log %c— route allowed ✓ %c%s color:#a78bfa;font-weight:bold color:#34d399;font-weight:bold color:#94a3b8 color:#64748b /element/timing @ http://localhost:5174/src/groups.ts:56
[  635430ms] [LOG] %c🧭 Loom Guard %c docs-log %c— route allowed ✓ %c%s color:#a78bfa;font-weight:bold color:#34d399;font-weight:bold color:#94a3b8 color:#64748b /element/css @ http://localhost:5174/src/groups.ts:56
[  635439ms] [LOG] %c🧭 Loom Guard %c docs-log %c— route allowed ✓ %c%s color:#a78bfa;font-weight:bold color:#34d399;font-weight:bold color:#94a3b8 color:#64748b /element/css @ http://localhost:5174/src/groups.ts:56
[  635621ms] [LOG] %c🧭 Loom Guard %c docs-log %c— route allowed ✓ %c%s color:#a78bfa;font-weight:bold color:#34d399;font-weight:bold color:#94a3b8 color:#64748b /element/queries @ http://localhost:5174/src/groups.ts:56
[  635628ms] [LOG] %c🧭 Loom Guard %c docs-log %c— route allowed ✓ %c%s color:#a78bfa;font-weight:bold color:#34d399;font-weight:bold color:#94a3b8 color:#64748b /element/queries @ http://localhost:5174/src/groups.ts:56
[  635811ms] [LOG] %c🧭 Loom Guard %c docs-log %c— route allowed ✓ %c%s color:#a78bfa;font-weight:bold color:#34d399;font-weight:bold color:#94a3b8 color:#64748b /element/jsx @ http://localhost:5174/src/groups.ts:56
[  635818ms] [LOG] %c🧭 Loom Guard %c docs-log %c— route allowed ✓ %c%s color:#a78bfa;font-weight:bold color:#34d399;font-weight:bold color:#94a3b8 color:#64748b /element/jsx @ http://localhost:5174/src/groups.ts:56
[  636001ms] [LOG] %c🧭 Loom Guard %c docs-log %c— route allowed ✓ %c%s color:#a78bfa;font-weight:bold color:#34d399;font-weight:bold color:#94a3b8 color:#64748b /element/decorators @ http://localhost:5174/src/groups.ts:56
[  636008ms] [LOG] %c🧭 Loom Guard %c docs-log %c— route allowed ✓ %c%s color:#a78bfa;font-weight:bold color:#34d399;font-weight:bold color:#94a3b8 color:#64748b /element/decorators @ http://localhost:5174/src/groups.ts:56
[  636192ms] [LOG] %c🧭 Loom Guard %c docs-log %c— route allowed ✓ %c%s color:#a78bfa;font-weight:bold color:#34d399;font-weight:bold color:#94a3b8 color:#64748b /element/attributes @ http://localhost:5174/src/groups.ts:56
[  636204ms] [LOG] %c🧭 Loom Guard %c docs-log %c— route allowed ✓ %c%s color:#a78bfa;font-weight:bold color:#34d399;font-weight:bold color:#94a3b8 color:#64748b /element/attributes @ http://localhost:5174/src/groups.ts:56
[  636382ms] [LOG] %c🧭 Loom Guard %c docs-log %c— route allowed ✓ %c%s color:#a78bfa;font-weight:bold color:#34d399;font-weight:bold color:#94a3b8 color:#64748b /element/light-dom @ http://localhost:5174/src/groups.ts:56
[  636390ms] [LOG] %c🧭 Loom Guard %c docs-log %c— route allowed ✓ %c%s color:#a78bfa;font-weight:bold color:#34d399;font-weight:bold color:#94a3b8 color:#64748b /element/light-dom @ http://localhost:5174/src/groups.ts:56
[  636572ms] [LOG] %c🧭 Loom Guard %c docs-log %c— route allowed ✓ %c%s color:#a78bfa;font-weight:bold color:#34d399;font-weight:bold color:#94a3b8 color:#64748b /element/lazy @ http://localhost:5174/src/groups.ts:56
[  636582ms] [LOG] %c🧭 Loom Guard %c docs-log %c— route allowed ✓ %c%s color:#a78bfa;font-weight:bold color:#34d399;font-weight:bold color:#94a3b8 color:#64748b /element/lazy @ http://localhost:5174/src/groups.ts:56
[  636763ms] [LOG] %c🧭 Loom Guard %c docs-log %c— route allowed ✓ %c%s color:#a78bfa;font-weight:bold color:#34d399;font-weight:bold color:#94a3b8 color:#64748b /element/observer @ http://localhost:5174/src/groups.ts:56
[  636773ms] [LOG] %c🧭 Loom Guard %c docs-log %c— route allowed ✓ %c%s color:#a78bfa;font-weight:bold color:#34d399;font-weight:bold color:#94a3b8 color:#64748b /element/observer @ http://localhost:5174/src/groups.ts:56
[  636953ms] [LOG] %c🧭 Loom Guard %c docs-log %c— route allowed ✓ %c%s color:#a78bfa;font-weight:bold color:#34d399;font-weight:bold color:#94a3b8 color:#64748b /element/forms @ http://localhost:5174/src/groups.ts:56
[  636962ms] [LOG] %c🧭 Loom Guard %c docs-log %c— route allowed ✓ %c%s color:#a78bfa;font-weight:bold color:#34d399;font-weight:bold color:#94a3b8 color:#64748b /element/forms @ http://localhost:5174/src/groups.ts:56
[  637143ms] [LOG] %c🧭 Loom Guard %c docs-log %c— route allowed ✓ %c%s color:#a78bfa;font-weight:bold color:#34d399;font-weight:bold color:#94a3b8 color:#64748b /store/api @ http://localhost:5174/src/groups.ts:56
[  637152ms] [LOG] %c🧭 Loom Guard %c docs-log %c— route allowed ✓ %c%s color:#a78bfa;font-weight:bold color:#34d399;font-weight:bold color:#94a3b8 color:#64748b /store/api @ http://localhost:5174/src/groups.ts:56
[  637334ms] [LOG] %c🧭 Loom Guard %c docs-log %c— route allowed ✓ %c%s color:#a78bfa;font-weight:bold color:#34d399;font-weight:bold color:#94a3b8 color:#64748b /element/virtual-list @ http://localhost:5174/src/groups.ts:56
[  637342ms] [LOG] %c🧭 Loom Guard %c docs-log %c— route allowed ✓ %c%s color:#a78bfa;font-weight:bold color:#34d399;font-weight:bold color:#94a3b8 color:#64748b /element/virtual-list @ http://localhost:5174/src/groups.ts:56
[  637524ms] [LOG] %c🧭 Loom Guard %c docs-log %c— route allowed ✓ %c%s color:#a78bfa;font-weight:bold color:#34d399;font-weight:bold color:#94a3b8 color:#64748b /element/icon @ http://localhost:5174/src/groups.ts:56
[  637533ms] [LOG] %c🧭 Loom Guard %c docs-log %c— route allowed ✓ %c%s color:#a78bfa;font-weight:bold color:#34d399;font-weight:bold color:#94a3b8 color:#64748b /element/icon @ http://localhost:5174/src/groups.ts:56
[  637715ms] [LOG] %c🧭 Loom Guard %c docs-log %c— route allowed ✓ %c%s color:#a78bfa;font-weight:bold color:#34d399;font-weight:bold color:#94a3b8 color:#64748b /element/canvas @ http://localhost:5174/src/groups.ts:56
[  637722ms] [LOG] %c🧭 Loom Guard %c docs-log %c— route allowed ✓ %c%s color:#a78bfa;font-weight:bold color:#34d399;font-weight:bold color:#94a3b8 color:#64748b /element/canvas @ http://localhost:5174/src/groups.ts:56
[  637905ms] [LOG] %c🧭 Loom Guard %c docs-log %c— route allowed ✓ %c%s color:#a78bfa;font-weight:bold color:#34d399;font-weight:bold color:#94a3b8 color:#64748b /element/image @ http://localhost:5174/src/groups.ts:56
[  637914ms] [LOG] %c🧭 Loom Guard %c docs-log %c— route allowed ✓ %c%s color:#a78bfa;font-weight:bold color:#34d399;font-weight:bold color:#94a3b8 color:#64748b /element/image @ http://localhost:5174/src/groups.ts:56
[  638095ms] [LOG] %c🧭 Loom Guard %c docs-log %c— route allowed ✓ %c%s color:#a78bfa;font-weight:bold color:#34d399;font-weight:bold color:#94a3b8 color:#64748b /decorators/overview @ http://localhost:5174/src/groups.ts:56
[  638103ms] [LOG] %c🧭 Loom Guard %c docs-log %c— route allowed ✓ %c%s color:#a78bfa;font-weight:bold color:#34d399;font-weight:bold color:#94a3b8 color:#64748b /decorators/overview @ http://localhost:5174/src/groups.ts:56
[  638285ms] [LOG] %c🧭 Loom Guard %c docs-log %c— route allowed ✓ %c%s color:#a78bfa;font-weight:bold color:#34d399;font-weight:bold color:#94a3b8 color:#64748b /decorators/events @ http://localhost:5174/src/groups.ts:56
[  638298ms] [LOG] %c🧭 Loom Guard %c docs-log %c— route allowed ✓ %c%s color:#a78bfa;font-weight:bold color:#34d399;font-weight:bold color:#94a3b8 color:#64748b /decorators/events @ http://localhost:5174/src/groups.ts:56
[  638476ms] [LOG] %c🧭 Loom Guard %c docs-log %c— route allowed ✓ %c%s color:#a78bfa;font-weight:bold color:#34d399;font-weight:bold color:#94a3b8 color:#64748b /decorators/transform @ http://localhost:5174/src/groups.ts:56
[  638486ms] [LOG] %c🧭 Loom Guard %c docs-log %c— route allowed ✓ %c%s color:#a78bfa;font-weight:bold color:#34d399;font-weight:bold color:#94a3b8 color:#64748b /decorators/transform @ http://localhost:5174/src/groups.ts:56
[  638666ms] [LOG] %c🧭 Loom Guard %c docs-log %c— route allowed ✓ %c%s color:#a78bfa;font-weight:bold color:#34d399;font-weight:bold color:#94a3b8 color:#64748b /decorators/hotkey @ http://localhost:5174/src/groups.ts:56
[  638673ms] [LOG] %c🧭 Loom Guard %c docs-log %c— route allowed ✓ %c%s color:#a78bfa;font-weight:bold color:#34d399;font-weight:bold color:#94a3b8 color:#64748b /decorators/hotkey @ http://localhost:5174/src/groups.ts:56
[  638856ms] [LOG] %c🧭 Loom Guard %c docs-log %c— route allowed ✓ %c%s color:#a78bfa;font-weight:bold color:#34d399;font-weight:bold color:#94a3b8 color:#64748b /decorators/log @ http://localhost:5174/src/groups.ts:56
[  638865ms] [LOG] %c🧭 Loom Guard %c docs-log %c— route allowed ✓ %c%s color:#a78bfa;font-weight:bold color:#34d399;font-weight:bold color:#94a3b8 color:#64748b /decorators/log @ http://localhost:5174/src/groups.ts:56
[  639046ms] [LOG] %c🧭 Loom Guard %c docs-log %c— route allowed ✓ %c%s color:#a78bfa;font-weight:bold color:#34d399;font-weight:bold color:#94a3b8 color:#64748b /decorators/context @ http://localhost:5174/src/groups.ts:56
[  639053ms] [LOG] %c🧭 Loom Guard %c docs-log %c— route allowed ✓ %c%s color:#a78bfa;font-weight:bold color:#34d399;font-weight:bold color:#94a3b8 color:#64748b /decorators/context @ http://localhost:5174/src/groups.ts:56
[  639237ms] [LOG] %c🧭 Loom Guard %c docs-log %c— route allowed ✓ %c%s color:#a78bfa;font-weight:bold color:#34d399;font-weight:bold color:#94a3b8 color:#64748b /decorators/portal @ http://localhost:5174/src/groups.ts:56
[  639245ms] [LOG] %c🧭 Loom Guard %c docs-log %c— route allowed ✓ %c%s color:#a78bfa;font-weight:bold color:#34d399;font-weight:bold color:#94a3b8 color:#64748b /decorators/portal @ http://localhost:5174/src/groups.ts:56
[  639427ms] [LOG] %c🧭 Loom Guard %c docs-log %c— route allowed ✓ %c%s color:#a78bfa;font-weight:bold color:#34d399;font-weight:bold color:#94a3b8 color:#64748b /decorators/symbols @ http://localhost:5174/src/groups.ts:56
[  639435ms] [LOG] %c🧭 Loom Guard %c docs-log %c— route allowed ✓ %c%s color:#a78bfa;font-weight:bold color:#34d399;font-weight:bold color:#94a3b8 color:#64748b /decorators/symbols @ http://localhost:5174/src/groups.ts:56
[  639617ms] [LOG] %c🧭 Loom Guard %c docs-log %c— route allowed ✓ %c%s color:#a78bfa;font-weight:bold color:#34d399;font-weight:bold color:#94a3b8 color:#64748b /decorators/media @ http://localhost:5174/src/groups.ts:56
[  639624ms] [LOG] %c🧭 Loom Guard %c docs-log %c— route allowed ✓ %c%s color:#a78bfa;font-weight:bold color:#34d399;font-weight:bold color:#94a3b8 color:#64748b /decorators/media @ http://localhost:5174/src/groups.ts:56
[  639808ms] [LOG] %c🧭 Loom Guard %c docs-log %c— route allowed ✓ %c%s color:#a78bfa;font-weight:bold color:#34d399;font-weight:bold color:#94a3b8 color:#64748b /decorators/fullscreen @ http://localhost:5174/src/groups.ts:56
[  639813ms] [LOG] %c🧭 Loom Guard %c docs-log %c— route allowed ✓ %c%s color:#a78bfa;font-weight:bold color:#34d399;font-weight:bold color:#94a3b8 color:#64748b /decorators/fullscreen @ http://localhost:5174/src/groups.ts:56
[  639998ms] [LOG] %c🧭 Loom Guard %c docs-log %c— route allowed ✓ %c%s color:#a78bfa;font-weight:bold color:#34d399;font-weight:bold color:#94a3b8 color:#64748b /decorators/clipboard @ http://localhost:5174/src/groups.ts:56
[  640005ms] [LOG] %c🧭 Loom Guard %c docs-log %c— route allowed ✓ %c%s color:#a78bfa;font-weight:bold color:#34d399;font-weight:bold color:#94a3b8 color:#64748b /decorators/clipboard @ http://localhost:5174/src/groups.ts:56
[  640188ms] [LOG] %c🧭 Loom Guard %c docs-log %c— route allowed ✓ %c%s color:#a78bfa;font-weight:bold color:#34d399;font-weight:bold color:#94a3b8 color:#64748b /decorators/dnd @ http://localhost:5174/src/groups.ts:56
[  640197ms] [LOG] %c🧭 Loom Guard %c docs-log %c— route allowed ✓ %c%s color:#a78bfa;font-weight:bold color:#34d399;font-weight:bold color:#94a3b8 color:#64748b /decorators/dnd @ http://localhost:5174/src/groups.ts:56
[  640379ms] [LOG] %c🧭 Loom Guard %c docs-log %c— route allowed ✓ %c%s color:#a78bfa;font-weight:bold color:#34d399;font-weight:bold color:#94a3b8 color:#64748b /decorators/css @ http://localhost:5174/src/groups.ts:56
[  640386ms] [LOG] %c🧭 Loom Guard %c docs-log %c— route allowed ✓ %c%s color:#a78bfa;font-weight:bold color:#34d399;font-weight:bold color:#94a3b8 color:#64748b /decorators/css @ http://localhost:5174/src/groups.ts:56
[  640569ms] [LOG] %c🧭 Loom Guard %c docs-log %c— route allowed ✓ %c%s color:#a78bfa;font-weight:bold color:#34d399;font-weight:bold color:#94a3b8 color:#64748b /store/overview @ http://localhost:5174/src/groups.ts:56
[  640576ms] [LOG] %c🧭 Loom Guard %c docs-log %c— route allowed ✓ %c%s color:#a78bfa;font-weight:bold color:#34d399;font-weight:bold color:#94a3b8 color:#64748b /store/overview @ http://localhost:5174/src/groups.ts:56
[  640759ms] [LOG] %c🧭 Loom Guard %c docs-log %c— route allowed ✓ %c%s color:#a78bfa;font-weight:bold color:#34d399;font-weight:bold color:#94a3b8 color:#64748b /store/reactive @ http://localhost:5174/src/groups.ts:56
[  640768ms] [LOG] %c🧭 Loom Guard %c docs-log %c— route allowed ✓ %c%s color:#a78bfa;font-weight:bold color:#34d399;font-weight:bold color:#94a3b8 color:#64748b /store/reactive @ http://localhost:5174/src/groups.ts:56
[  640949ms] [LOG] %c🧭 Loom Guard %c docs-log %c— route allowed ✓ %c%s color:#a78bfa;font-weight:bold color:#34d399;font-weight:bold color:#94a3b8 color:#64748b /store/store-decorator @ http://localhost:5174/src/groups.ts:56
[  640960ms] [LOG] %c🧭 Loom Guard %c docs-log %c— route allowed ✓ %c%s color:#a78bfa;font-weight:bold color:#34d399;font-weight:bold color:#94a3b8 color:#64748b /store/store-decorator @ http://localhost:5174/src/groups.ts:56
[  641140ms] [LOG] %c🧭 Loom Guard %c docs-log %c— route allowed ✓ %c%s color:#a78bfa;font-weight:bold color:#34d399;font-weight:bold color:#94a3b8 color:#64748b /store/storage @ http://localhost:5174/src/groups.ts:56
[  641148ms] [LOG] %c🧭 Loom Guard %c docs-log %c— route allowed ✓ %c%s color:#a78bfa;font-weight:bold color:#34d399;font-weight:bold color:#94a3b8 color:#64748b /store/storage @ http://localhost:5174/src/groups.ts:56
[  641330ms] [LOG] %c🧭 Loom Guard %c docs-log %c— route allowed ✓ %c%s color:#a78bfa;font-weight:bold color:#34d399;font-weight:bold color:#94a3b8 color:#64748b /store/patterns @ http://localhost:5174/src/groups.ts:56
[  641339ms] [LOG] %c🧭 Loom Guard %c docs-log %c— route allowed ✓ %c%s color:#a78bfa;font-weight:bold color:#34d399;font-weight:bold color:#94a3b8 color:#64748b /store/patterns @ http://localhost:5174/src/groups.ts:56
[  641520ms] [LOG] %c🧭 Loom Guard %c docs-log %c— route allowed ✓ %c%s color:#a78bfa;font-weight:bold color:#34d399;font-weight:bold color:#94a3b8 color:#64748b /store/signals @ http://localhost:5174/src/groups.ts:56
[  641529ms] [LOG] %c🧭 Loom Guard %c docs-log %c— route allowed ✓ %c%s color:#a78bfa;font-weight:bold color:#34d399;font-weight:bold color:#94a3b8 color:#64748b /store/signals @ http://localhost:5174/src/groups.ts:56
[  641711ms] [LOG] %c🧭 Loom Guard %c docs-log %c— route allowed ✓ %c%s color:#a78bfa;font-weight:bold color:#34d399;font-weight:bold color:#94a3b8 color:#64748b /router/overview @ http://localhost:5174/src/groups.ts:56
[  641718ms] [LOG] %c🧭 Loom Guard %c docs-log %c— route allowed ✓ %c%s color:#a78bfa;font-weight:bold color:#34d399;font-weight:bold color:#94a3b8 color:#64748b /router/overview @ http://localhost:5174/src/groups.ts:56
[  641901ms] [LOG] %c🧭 Loom Guard %c docs-log %c— route allowed ✓ %c%s color:#a78bfa;font-weight:bold color:#34d399;font-weight:bold color:#94a3b8 color:#64748b /router/routes @ http://localhost:5174/src/groups.ts:56
[  641911ms] [LOG] %c🧭 Loom Guard %c docs-log %c— route allowed ✓ %c%s color:#a78bfa;font-weight:bold color:#34d399;font-weight:bold color:#94a3b8 color:#64748b /router/routes @ http://localhost:5174/src/groups.ts:56
[  642091ms] [LOG] %c🧭 Loom Guard %c docs-log %c— route allowed ✓ %c%s color:#a78bfa;font-weight:bold color:#34d399;font-weight:bold color:#94a3b8 color:#64748b /router/route-data @ http://localhost:5174/src/groups.ts:56
[  642104ms] [LOG] %c🧭 Loom Guard %c docs-log %c— route allowed ✓ %c%s color:#a78bfa;font-weight:bold color:#34d399;font-weight:bold color:#94a3b8 color:#64748b /router/route-data @ http://localhost:5174/src/groups.ts:56
[  642282ms] [LOG] %c🧭 Loom Guard %c docs-log %c— route allowed ✓ %c%s color:#a78bfa;font-weight:bold color:#34d399;font-weight:bold color:#94a3b8 color:#64748b /router/groups @ http://localhost:5174/src/groups.ts:56
[  642292ms] [LOG] %c🧭 Loom Guard %c docs-log %c— route allowed ✓ %c%s color:#a78bfa;font-weight:bold color:#34d399;font-weight:bold color:#94a3b8 color:#64748b /router/groups @ http://localhost:5174/src/groups.ts:56
[  642472ms] [LOG] %c🧭 Loom Guard %c docs-log %c— route allowed ✓ %c%s color:#a78bfa;font-weight:bold color:#34d399;font-weight:bold color:#94a3b8 color:#64748b /router/guards @ http://localhost:5174/src/groups.ts:56
[  642483ms] [LOG] %c🧭 Loom Guard %c docs-log %c— route allowed ✓ %c%s color:#a78bfa;font-weight:bold color:#34d399;font-weight:bold color:#94a3b8 color:#64748b /router/guards @ http://localhost:5174/src/groups.ts:56
[  642662ms] [LOG] %c🧭 Loom Guard %c docs-log %c— route allowed ✓ %c%s color:#a78bfa;font-weight:bold color:#34d399;font-weight:bold color:#94a3b8 color:#64748b /router/navigation @ http://localhost:5174/src/groups.ts:56
[  642669ms] [LOG] %c🧭 Loom Guard %c docs-log %c— route allowed ✓ %c%s color:#a78bfa;font-weight:bold color:#34d399;font-weight:bold color:#94a3b8 color:#64748b /router/navigation @ http://localhost:5174/src/groups.ts:56
[  642853ms] [LOG] %c🧭 Loom Guard %c docs-log %c— route allowed ✓ %c%s color:#a78bfa;font-weight:bold color:#34d399;font-weight:bold color:#94a3b8 color:#64748b /router/route-lifecycle @ http://localhost:5174/src/groups.ts:56
[  642859ms] [LOG] %c🧭 Loom Guard %c docs-log %c— route allowed ✓ %c%s color:#a78bfa;font-weight:bold color:#34d399;font-weight:bold color:#94a3b8 color:#64748b /router/route-lifecycle @ http://localhost:5174/src/groups.ts:56
[  643043ms] [LOG] %c🧭 Loom Guard %c docs-log %c— route allowed ✓ %c%s color:#a78bfa;font-weight:bold color:#34d399;font-weight:bold color:#94a3b8 color:#64748b /router/decorators @ http://localhost:5174/src/groups.ts:56
[  643052ms] [LOG] %c🧭 Loom Guard %c docs-log %c— route allowed ✓ %c%s color:#a78bfa;font-weight:bold color:#34d399;font-weight:bold color:#94a3b8 color:#64748b /router/decorators @ http://localhost:5174/src/groups.ts:56
[  643233ms] [LOG] %c🧭 Loom Guard %c docs-log %c— route allowed ✓ %c%s color:#a78bfa;font-weight:bold color:#34d399;font-weight:bold color:#94a3b8 color:#64748b /di/overview @ http://localhost:5174/src/groups.ts:56
[  643243ms] [LOG] %c🧭 Loom Guard %c docs-log %c— route allowed ✓ %c%s color:#a78bfa;font-weight:bold color:#34d399;font-weight:bold color:#94a3b8 color:#64748b /di/overview @ http://localhost:5174/src/groups.ts:56
[  643423ms] [LOG] %c🧭 Loom Guard %c docs-log %c— route allowed ✓ %c%s color:#a78bfa;font-weight:bold color:#34d399;font-weight:bold color:#94a3b8 color:#64748b /di/decorators @ http://localhost:5174/src/groups.ts:56
[  643434ms] [LOG] %c🧭 Loom Guard %c docs-log %c— route allowed ✓ %c%s color:#a78bfa;font-weight:bold color:#34d399;font-weight:bold color:#94a3b8 color:#64748b /di/decorators @ http://localhost:5174/src/groups.ts:56
[  643614ms] [LOG] %c🧭 Loom Guard %c docs-log %c— route allowed ✓ %c%s color:#a78bfa;font-weight:bold color:#34d399;font-weight:bold color:#94a3b8 color:#64748b /packages/rpc-overview @ http://localhost:5174/src/groups.ts:56
[  643622ms] [LOG] %c🧭 Loom Guard %c docs-log %c— route allowed ✓ %c%s color:#a78bfa;font-weight:bold color:#34d399;font-weight:bold color:#94a3b8 color:#64748b /packages/rpc-overview @ http://localhost:5174/src/groups.ts:56
[  643804ms] [LOG] %c🧭 Loom Guard %c docs-log %c— route allowed ✓ %c%s color:#a78bfa;font-weight:bold color:#34d399;font-weight:bold color:#94a3b8 color:#64748b /packages/rpc-queries @ http://localhost:5174/src/groups.ts:56
[  643809ms] [LOG] %c🧭 Loom Guard %c docs-log %c— route allowed ✓ %c%s color:#a78bfa;font-weight:bold color:#34d399;font-weight:bold color:#94a3b8 color:#64748b /packages/rpc-queries @ http://localhost:5174/src/groups.ts:56
[  643994ms] [LOG] %c🧭 Loom Guard %c docs-log %c— route allowed ✓ %c%s color:#a78bfa;font-weight:bold color:#34d399;font-weight:bold color:#94a3b8 color:#64748b /packages/rpc-mutations @ http://localhost:5174/src/groups.ts:56
[  644000ms] [LOG] %c🧭 Loom Guard %c docs-log %c— route allowed ✓ %c%s color:#a78bfa;font-weight:bold color:#34d399;font-weight:bold color:#94a3b8 color:#64748b /packages/rpc-mutations @ http://localhost:5174/src/groups.ts:56
[  644185ms] [LOG] %c🧭 Loom Guard %c docs-log %c— route allowed ✓ %c%s color:#a78bfa;font-weight:bold color:#34d399;font-weight:bold color:#94a3b8 color:#64748b /packages/rpc-transports @ http://localhost:5174/src/groups.ts:56
[  644191ms] [LOG] %c🧭 Loom Guard %c docs-log %c— route allowed ✓ %c%s color:#a78bfa;font-weight:bold color:#34d399;font-weight:bold color:#94a3b8 color:#64748b /packages/rpc-transports @ http://localhost:5174/src/groups.ts:56
[  644375ms] [LOG] %c🧭 Loom Guard %c docs-log %c— route allowed ✓ %c%s color:#a78bfa;font-weight:bold color:#34d399;font-weight:bold color:#94a3b8 color:#64748b /packages/rpc-streams @ http://localhost:5174/src/groups.ts:56
[  644383ms] [LOG] %c🧭 Loom Guard %c docs-log %c— route allowed ✓ %c%s color:#a78bfa;font-weight:bold color:#34d399;font-weight:bold color:#94a3b8 color:#64748b /packages/rpc-streams @ http://localhost:5174/src/groups.ts:56
[  644565ms] [LOG] %c🧭 Loom Guard %c docs-log %c— route allowed ✓ %c%s color:#a78bfa;font-weight:bold color:#34d399;font-weight:bold color:#94a3b8 color:#64748b /packages/rpc-testing @ http://localhost:5174/src/groups.ts:56
[  644570ms] [LOG] %c🧭 Loom Guard %c docs-log %c— route allowed ✓ %c%s color:#a78bfa;font-weight:bold color:#34d399;font-weight:bold color:#94a3b8 color:#64748b /packages/rpc-testing @ http://localhost:5174/src/groups.ts:56
[  644755ms] [LOG] %c🧭 Loom Guard %c docs-log %c— route allowed ✓ %c%s color:#a78bfa;font-weight:bold color:#34d399;font-weight:bold color:#94a3b8 color:#64748b /packages/rpc-demo @ http://localhost:5174/src/groups.ts:56
[  644760ms] [LOG] %c🧭 Loom Guard %c docs-log %c— route allowed ✓ %c%s color:#a78bfa;font-weight:bold color:#34d399;font-weight:bold color:#94a3b8 color:#64748b /packages/rpc-demo @ http://localhost:5174/src/groups.ts:56
[  644946ms] [LOG] %c🧭 Loom Guard %c docs-log %c— route allowed ✓ %c%s color:#a78bfa;font-weight:bold color:#34d399;font-weight:bold color:#94a3b8 color:#64748b /packages/analytics-overview @ http://localhost:5174/src/groups.ts:56
[  644953ms] [LOG] %c🧭 Loom Guard %c docs-log %c— route allowed ✓ %c%s color:#a78bfa;font-weight:bold color:#34d399;font-weight:bold color:#94a3b8 color:#64748b /packages/analytics-overview @ http://localhost:5174/src/groups.ts:56
[  645136ms] [LOG] %c🧭 Loom Guard %c docs-log %c— route allowed ✓ %c%s color:#a78bfa;font-weight:bold color:#34d399;font-weight:bold color:#94a3b8 color:#64748b /packages/analytics-testing @ http://localhost:5174/src/groups.ts:56
[  645141ms] [LOG] %c🧭 Loom Guard %c docs-log %c— route allowed ✓ %c%s color:#a78bfa;font-weight:bold color:#34d399;font-weight:bold color:#94a3b8 color:#64748b /packages/analytics-testing @ http://localhost:5174/src/groups.ts:56
[  645326ms] [LOG] %c🧭 Loom Guard %c docs-log %c— route allowed ✓ %c%s color:#a78bfa;font-weight:bold color:#34d399;font-weight:bold color:#94a3b8 color:#64748b /packages/analytics-demo @ http://localhost:5174/src/groups.ts:56
[  645333ms] [LOG] %c🧭 Loom Guard %c docs-log %c— route allowed ✓ %c%s color:#a78bfa;font-weight:bold color:#34d399;font-weight:bold color:#94a3b8 color:#64748b /packages/analytics-demo @ http://localhost:5174/src/groups.ts:56
[  645517ms] [LOG] %c🧭 Loom Guard %c docs-log %c— route allowed ✓ %c%s color:#a78bfa;font-weight:bold color:#34d399;font-weight:bold color:#94a3b8 color:#64748b /packages/flags-overview @ http://localhost:5174/src/groups.ts:56
[  645527ms] [LOG] %c🧭 Loom Guard %c docs-log %c— route allowed ✓ %c%s color:#a78bfa;font-weight:bold color:#34d399;font-weight:bold color:#94a3b8 color:#64748b /packages/flags-overview @ http://localhost:5174/src/groups.ts:56
[  645707ms] [LOG] %c🧭 Loom Guard %c docs-log %c— route allowed ✓ %c%s color:#a78bfa;font-weight:bold color:#34d399;font-weight:bold color:#94a3b8 color:#64748b /packages/flags-testing @ http://localhost:5174/src/groups.ts:56
[  645713ms] [LOG] %c🧭 Loom Guard %c docs-log %c— route allowed ✓ %c%s color:#a78bfa;font-weight:bold color:#34d399;font-weight:bold color:#94a3b8 color:#64748b /packages/flags-testing @ http://localhost:5174/src/groups.ts:56
[  645898ms] [LOG] %c🧭 Loom Guard %c docs-log %c— route allowed ✓ %c%s color:#a78bfa;font-weight:bold color:#34d399;font-weight:bold color:#94a3b8 color:#64748b /packages/flags-demo @ http://localhost:5174/src/groups.ts:56
[  645903ms] [LOG] %c🧭 Loom Guard %c docs-log %c— route allowed ✓ %c%s color:#a78bfa;font-weight:bold color:#34d399;font-weight:bold color:#94a3b8 color:#64748b /packages/flags-demo @ http://localhost:5174/src/groups.ts:56
[  646098ms] [LOG] %c🧭 Loom Guard %c docs-log %c— route allowed ✓ %c%s color:#a78bfa;font-weight:bold color:#34d399;font-weight:bold color:#94a3b8 color:#64748b /packages/placeholder-overview @ http://localhost:5174/src/groups.ts:56
[  646106ms] [LOG] %c🧭 Loom Guard %c docs-log %c— route allowed ✓ %c%s color:#a78bfa;font-weight:bold color:#34d399;font-weight:bold color:#94a3b8 color:#64748b /packages/placeholder-overview @ http://localhost:5174/src/groups.ts:56
[  646289ms] [LOG] %c🧭 Loom Guard %c docs-log %c— route allowed ✓ %c%s color:#a78bfa;font-weight:bold color:#34d399;font-weight:bold color:#94a3b8 color:#64748b /packages/placeholder-testing @ http://localhost:5174/src/groups.ts:56
[  646295ms] [LOG] %c🧭 Loom Guard %c docs-log %c— route allowed ✓ %c%s color:#a78bfa;font-weight:bold color:#34d399;font-weight:bold color:#94a3b8 color:#64748b /packages/placeholder-testing @ http://localhost:5174/src/groups.ts:56
[  646479ms] [LOG] %c🧭 Loom Guard %c docs-log %c— route allowed ✓ %c%s color:#a78bfa;font-weight:bold color:#34d399;font-weight:bold color:#94a3b8 color:#64748b /packages/placeholder-demo @ http://localhost:5174/src/groups.ts:56
[  646485ms] [LOG] %c🧭 Loom Guard %c docs-log %c— route allowed ✓ %c%s color:#a78bfa;font-weight:bold color:#34d399;font-weight:bold color:#94a3b8 color:#64748b /packages/placeholder-demo @ http://localhost:5174/src/groups.ts:56
[  646669ms] [LOG] %c🧭 Loom Guard %c docs-log %c— route allowed ✓ %c%s color:#a78bfa;font-weight:bold color:#34d399;font-weight:bold color:#94a3b8 color:#64748b /packages/create-loom @ http://localhost:5174/src/groups.ts:56
[  646679ms] [LOG] %c🧭 Loom Guard %c docs-log %c— route allowed ✓ %c%s color:#a78bfa;font-weight:bold color:#34d399;font-weight:bold color:#94a3b8 color:#64748b /packages/create-loom @ http://localhost:5174/src/groups.ts:56
[  646860ms] [LOG] %c🧭 Loom Guard %c docs-log %c— route allowed ✓ %c%s color:#a78bfa;font-weight:bold color:#34d399;font-weight:bold color:#94a3b8 color:#64748b /examples/clock @ http://localhost:5174/src/groups.ts:56
[  646866ms] [LOG] %c🧭 Loom Guard %c docs-log %c— route allowed ✓ %c%s color:#a78bfa;font-weight:bold color:#34d399;font-weight:bold color:#94a3b8 color:#64748b /examples/clock @ http://localhost:5174/src/groups.ts:56
[  647050ms] [LOG] %c🧭 Loom Guard %c docs-log %c— route allowed ✓ %c%s color:#a78bfa;font-weight:bold color:#34d399;font-weight:bold color:#94a3b8 color:#64748b /examples/attributes @ http://localhost:5174/src/groups.ts:56
[  647056ms] [LOG] %c🧭 Loom Guard %c docs-log %c— route allowed ✓ %c%s color:#a78bfa;font-weight:bold color:#34d399;font-weight:bold color:#94a3b8 color:#64748b /examples/attributes @ http://localhost:5174/src/groups.ts:56
[  647240ms] [LOG] %c🧭 Loom Guard %c docs-log %c— route allowed ✓ %c%s color:#a78bfa;font-weight:bold color:#34d399;font-weight:bold color:#94a3b8 color:#64748b /examples/todo @ http://localhost:5174/src/groups.ts:56
[  647247ms] [LOG] %c🧭 Loom Guard %c docs-log %c— route allowed ✓ %c%s color:#a78bfa;font-weight:bold color:#34d399;font-weight:bold color:#94a3b8 color:#64748b /examples/todo @ http://localhost:5174/src/groups.ts:56
[  647431ms] [LOG] %c🧭 Loom Guard %c docs-log %c— route allowed ✓ %c%s color:#a78bfa;font-weight:bold color:#34d399;font-weight:bold color:#94a3b8 color:#64748b /examples/kanban @ http://localhost:5174/src/groups.ts:56
[  647440ms] [LOG] %c🧭 Loom Guard %c docs-log %c— route allowed ✓ %c%s color:#a78bfa;font-weight:bold color:#34d399;font-weight:bold color:#94a3b8 color:#64748b /examples/kanban @ http://localhost:5174/src/groups.ts:56
[  647621ms] [LOG] %c🧭 Loom Guard %c docs-log %c— route allowed ✓ %c%s color:#a78bfa;font-weight:bold color:#34d399;font-weight:bold color:#94a3b8 color:#64748b /examples/theme-switcher @ http://localhost:5174/src/groups.ts:56
[  647629ms] [LOG] %c🧭 Loom Guard %c docs-log %c— route allowed ✓ %c%s color:#a78bfa;font-weight:bold color:#34d399;font-weight:bold color:#94a3b8 color:#64748b /examples/theme-switcher @ http://localhost:5174/src/groups.ts:56
[  647811ms] [LOG] %c🧭 Loom Guard %c docs-log %c— route allowed ✓ %c%s color:#a78bfa;font-weight:bold color:#34d399;font-weight:bold color:#94a3b8 color:#64748b /examples/form @ http://localhost:5174/src/groups.ts:56
[  647817ms] [LOG] %c🧭 Loom Guard %c docs-log %c— route allowed ✓ %c%s color:#a78bfa;font-weight:bold color:#34d399;font-weight:bold color:#94a3b8 color:#64748b /examples/form @ http://localhost:5174/src/groups.ts:56
[  648002ms] [LOG] %c🧭 Loom Guard %c docs-log %c— route allowed ✓ %c%s color:#a78bfa;font-weight:bold color:#34d399;font-weight:bold color:#94a3b8 color:#64748b /examples/api @ http://localhost:5174/src/groups.ts:56
[  648009ms] [LOG] %c🧭 Loom Guard %c docs-log %c— route allowed ✓ %c%s color:#a78bfa;font-weight:bold color:#34d399;font-weight:bold color:#94a3b8 color:#64748b /examples/api @ http://localhost:5174/src/groups.ts:56
[  648192ms] [LOG] %c🧭 Loom Guard %c docs-log %c— route allowed ✓ %c%s color:#a78bfa;font-weight:bold color:#34d399;font-weight:bold color:#94a3b8 color:#64748b /examples/virtual-list-demo @ http://localhost:5174/src/groups.ts:56
[  648201ms] [LOG] %c🧭 Loom Guard %c docs-log %c— route allowed ✓ %c%s color:#a78bfa;font-weight:bold color:#34d399;font-weight:bold color:#94a3b8 color:#64748b /examples/virtual-list-demo @ http://localhost:5174/src/groups.ts:56
[  648382ms] [LOG] %c🧭 Loom Guard %c docs-log %c— route allowed ✓ %c%s color:#a78bfa;font-weight:bold color:#34d399;font-weight:bold color:#94a3b8 color:#64748b /examples/timing-demo @ http://localhost:5174/src/groups.ts:56
[  648390ms] [LOG] %c🧭 Loom Guard %c docs-log %c— route allowed ✓ %c%s color:#a78bfa;font-weight:bold color:#34d399;font-weight:bold color:#94a3b8 color:#64748b /examples/timing-demo @ http://localhost:5174/src/groups.ts:56
[  648573ms] [LOG] %c🧭 Loom Guard %c docs-log %c— route allowed ✓ %c%s color:#a78bfa;font-weight:bold color:#34d399;font-weight:bold color:#94a3b8 color:#64748b /examples/stress-test @ http://localhost:5174/src/groups.ts:56
[  648581ms] [LOG] %c🧭 Loom Guard %c docs-log %c— route allowed ✓ %c%s color:#a78bfa;font-weight:bold color:#34d399;font-weight:bold color:#94a3b8 color:#64748b /examples/stress-test @ http://localhost:5174/src/groups.ts:56
[  648763ms] [LOG] %c🧭 Loom Guard %c docs-log %c— route allowed ✓ %c%s color:#a78bfa;font-weight:bold color:#34d399;font-weight:bold color:#94a3b8 color:#64748b /examples/canvas-game @ http://localhost:5174/src/groups.ts:56
[  648769ms] [LOG] %c🧭 Loom Guard %c docs-log %c— route allowed ✓ %c%s color:#a78bfa;font-weight:bold color:#34d399;font-weight:bold color:#94a3b8 color:#64748b /examples/canvas-game @ http://localhost:5174/src/groups.ts:56
[  648953ms] [LOG] %c🧭 Loom Guard %c docs-log %c— route allowed ✓ %c%s color:#a78bfa;font-weight:bold color:#34d399;font-weight:bold color:#94a3b8 color:#64748b /examples/image-gallery @ http://localhost:5174/src/groups.ts:56
[  648961ms] [LOG] %c🧭 Loom Guard %c docs-log %c— route allowed ✓ %c%s color:#a78bfa;font-weight:bold color:#34d399;font-weight:bold color:#94a3b8 color:#64748b /examples/image-gallery @ http://localhost:5174/src/groups.ts:56
[  649144ms] [LOG] %c🧭 Loom Guard %c docs-log %c— route allowed ✓ %c%s color:#a78bfa;font-weight:bold color:#34d399;font-weight:bold color:#94a3b8 color:#64748b /examples/eventbus @ http://localhost:5174/src/groups.ts:56
[  649151ms] [LOG] %c🧭 Loom Guard %c docs-log %c— route allowed ✓ %c%s color:#a78bfa;font-weight:bold color:#34d399;font-weight:bold color:#94a3b8 color:#64748b /examples/eventbus @ http://localhost:5174/src/groups.ts:56
[  689660ms] [LOG] %c🧭 Loom Guard %c docs-log %c— route allowed ✓ %c%s color:#a78bfa;font-weight:bold color:#34d399;font-weight:bold color:#94a3b8 color:#64748b /element/overview @ http://localhost:5174/src/groups.ts:56
[  689668ms] [LOG] %c🧭 Loom Guard %c docs-log %c— route allowed ✓ %c%s color:#a78bfa;font-weight:bold color:#34d399;font-weight:bold color:#94a3b8 color:#64748b /element/overview @ http://localhost:5174/src/groups.ts:56
[  689861ms] [LOG] %c🧭 Loom Guard %c docs-log %c— route allowed ✓ %c%s color:#a78bfa;font-weight:bold color:#34d399;font-weight:bold color:#94a3b8 color:#64748b /element/lifecycle @ http://localhost:5174/src/groups.ts:56
[  689872ms] [LOG] %c🧭 Loom Guard %c docs-log %c— route allowed ✓ %c%s color:#a78bfa;font-weight:bold color:#34d399;font-weight:bold color:#94a3b8 color:#64748b /element/lifecycle @ http://localhost:5174/src/groups.ts:56
[  690062ms] [LOG] %c🧭 Loom Guard %c docs-log %c— route allowed ✓ %c%s color:#a78bfa;font-weight:bold color:#34d399;font-weight:bold color:#94a3b8 color:#64748b /element/timing @ http://localhost:5174/src/groups.ts:56
[  690075ms] [LOG] %c🧭 Loom Guard %c docs-log %c— route allowed ✓ %c%s color:#a78bfa;font-weight:bold color:#34d399;font-weight:bold color:#94a3b8 color:#64748b /element/timing @ http://localhost:5174/src/groups.ts:56
[  690265ms] [LOG] %c🧭 Loom Guard %c docs-log %c— route allowed ✓ %c%s color:#a78bfa;font-weight:bold color:#34d399;font-weight:bold color:#94a3b8 color:#64748b /element/css @ http://localhost:5174/src/groups.ts:56
[  690274ms] [LOG] %c🧭 Loom Guard %c docs-log %c— route allowed ✓ %c%s color:#a78bfa;font-weight:bold color:#34d399;font-weight:bold color:#94a3b8 color:#64748b /element/css @ http://localhost:5174/src/groups.ts:56
[  690466ms] [LOG] %c🧭 Loom Guard %c docs-log %c— route allowed ✓ %c%s color:#a78bfa;font-weight:bold color:#34d399;font-weight:bold color:#94a3b8 color:#64748b /element/queries @ http://localhost:5174/src/groups.ts:56
[  690473ms] [LOG] %c🧭 Loom Guard %c docs-log %c— route allowed ✓ %c%s color:#a78bfa;font-weight:bold color:#34d399;font-weight:bold color:#94a3b8 color:#64748b /element/queries @ http://localhost:5174/src/groups.ts:56
[  690667ms] [LOG] %c🧭 Loom Guard %c docs-log %c— route allowed ✓ %c%s color:#a78bfa;font-weight:bold color:#34d399;font-weight:bold color:#94a3b8 color:#64748b /element/jsx @ http://localhost:5174/src/groups.ts:56
[  690674ms] [LOG] %c🧭 Loom Guard %c docs-log %c— route allowed ✓ %c%s color:#a78bfa;font-weight:bold color:#34d399;font-weight:bold color:#94a3b8 color:#64748b /element/jsx @ http://localhost:5174/src/groups.ts:56
[  690868ms] [LOG] %c🧭 Loom Guard %c docs-log %c— route allowed ✓ %c%s color:#a78bfa;font-weight:bold color:#34d399;font-weight:bold color:#94a3b8 color:#64748b /element/decorators @ http://localhost:5174/src/groups.ts:56
[  690874ms] [LOG] %c🧭 Loom Guard %c docs-log %c— route allowed ✓ %c%s color:#a78bfa;font-weight:bold color:#34d399;font-weight:bold color:#94a3b8 color:#64748b /element/decorators @ http://localhost:5174/src/groups.ts:56
[  691069ms] [LOG] %c🧭 Loom Guard %c docs-log %c— route allowed ✓ %c%s color:#a78bfa;font-weight:bold color:#34d399;font-weight:bold color:#94a3b8 color:#64748b /element/attributes @ http://localhost:5174/src/groups.ts:56
[  691079ms] [LOG] %c🧭 Loom Guard %c docs-log %c— route allowed ✓ %c%s color:#a78bfa;font-weight:bold color:#34d399;font-weight:bold color:#94a3b8 color:#64748b /element/attributes @ http://localhost:5174/src/groups.ts:56
[  691271ms] [LOG] %c🧭 Loom Guard %c docs-log %c— route allowed ✓ %c%s color:#a78bfa;font-weight:bold color:#34d399;font-weight:bold color:#94a3b8 color:#64748b /element/light-dom @ http://localhost:5174/src/groups.ts:56
[  691279ms] [LOG] %c🧭 Loom Guard %c docs-log %c— route allowed ✓ %c%s color:#a78bfa;font-weight:bold color:#34d399;font-weight:bold color:#94a3b8 color:#64748b /element/light-dom @ http://localhost:5174/src/groups.ts:56
[  691472ms] [LOG] %c🧭 Loom Guard %c docs-log %c— route allowed ✓ %c%s color:#a78bfa;font-weight:bold color:#34d399;font-weight:bold color:#94a3b8 color:#64748b /element/lazy @ http://localhost:5174/src/groups.ts:56
[  691481ms] [LOG] %c🧭 Loom Guard %c docs-log %c— route allowed ✓ %c%s color:#a78bfa;font-weight:bold color:#34d399;font-weight:bold color:#94a3b8 color:#64748b /element/lazy @ http://localhost:5174/src/groups.ts:56
[  691673ms] [LOG] %c🧭 Loom Guard %c docs-log %c— route allowed ✓ %c%s color:#a78bfa;font-weight:bold color:#34d399;font-weight:bold color:#94a3b8 color:#64748b /element/observer @ http://localhost:5174/src/groups.ts:56
[  691686ms] [LOG] %c🧭 Loom Guard %c docs-log %c— route allowed ✓ %c%s color:#a78bfa;font-weight:bold color:#34d399;font-weight:bold color:#94a3b8 color:#64748b /element/observer @ http://localhost:5174/src/groups.ts:56
[  691875ms] [LOG] %c🧭 Loom Guard %c docs-log %c— route allowed ✓ %c%s color:#a78bfa;font-weight:bold color:#34d399;font-weight:bold color:#94a3b8 color:#64748b /element/forms @ http://localhost:5174/src/groups.ts:56
[  691884ms] [LOG] %c🧭 Loom Guard %c docs-log %c— route allowed ✓ %c%s color:#a78bfa;font-weight:bold color:#34d399;font-weight:bold color:#94a3b8 color:#64748b /element/forms @ http://localhost:5174/src/groups.ts:56
[  692077ms] [LOG] %c🧭 Loom Guard %c docs-log %c— route allowed ✓ %c%s color:#a78bfa;font-weight:bold color:#34d399;font-weight:bold color:#94a3b8 color:#64748b /store/api @ http://localhost:5174/src/groups.ts:56
[  692085ms] [LOG] %c🧭 Loom Guard %c docs-log %c— route allowed ✓ %c%s color:#a78bfa;font-weight:bold color:#34d399;font-weight:bold color:#94a3b8 color:#64748b /store/api @ http://localhost:5174/src/groups.ts:56
[  692278ms] [LOG] %c🧭 Loom Guard %c docs-log %c— route allowed ✓ %c%s color:#a78bfa;font-weight:bold color:#34d399;font-weight:bold color:#94a3b8 color:#64748b /element/virtual-list @ http://localhost:5174/src/groups.ts:56
[  692285ms] [LOG] %c🧭 Loom Guard %c docs-log %c— route allowed ✓ %c%s color:#a78bfa;font-weight:bold color:#34d399;font-weight:bold color:#94a3b8 color:#64748b /element/virtual-list @ http://localhost:5174/src/groups.ts:56
[  692479ms] [LOG] %c🧭 Loom Guard %c docs-log %c— route allowed ✓ %c%s color:#a78bfa;font-weight:bold color:#34d399;font-weight:bold color:#94a3b8 color:#64748b /element/icon @ http://localhost:5174/src/groups.ts:56
[  692488ms] [LOG] %c🧭 Loom Guard %c docs-log %c— route allowed ✓ %c%s color:#a78bfa;font-weight:bold color:#34d399;font-weight:bold color:#94a3b8 color:#64748b /element/icon @ http://localhost:5174/src/groups.ts:56
[  692680ms] [LOG] %c🧭 Loom Guard %c docs-log %c— route allowed ✓ %c%s color:#a78bfa;font-weight:bold color:#34d399;font-weight:bold color:#94a3b8 color:#64748b /element/canvas @ http://localhost:5174/src/groups.ts:56
[  692689ms] [LOG] %c🧭 Loom Guard %c docs-log %c— route allowed ✓ %c%s color:#a78bfa;font-weight:bold color:#34d399;font-weight:bold color:#94a3b8 color:#64748b /element/canvas @ http://localhost:5174/src/groups.ts:56
[  692882ms] [LOG] %c🧭 Loom Guard %c docs-log %c— route allowed ✓ %c%s color:#a78bfa;font-weight:bold color:#34d399;font-weight:bold color:#94a3b8 color:#64748b /element/image @ http://localhost:5174/src/groups.ts:56
[  692891ms] [LOG] %c🧭 Loom Guard %c docs-log %c— route allowed ✓ %c%s color:#a78bfa;font-weight:bold color:#34d399;font-weight:bold color:#94a3b8 color:#64748b /element/image @ http://localhost:5174/src/groups.ts:56
[  693083ms] [LOG] %c🧭 Loom Guard %c docs-log %c— route allowed ✓ %c%s color:#a78bfa;font-weight:bold color:#34d399;font-weight:bold color:#94a3b8 color:#64748b /decorators/overview @ http://localhost:5174/src/groups.ts:56
[  693095ms] [LOG] %c🧭 Loom Guard %c docs-log %c— route allowed ✓ %c%s color:#a78bfa;font-weight:bold color:#34d399;font-weight:bold color:#94a3b8 color:#64748b /decorators/overview @ http://localhost:5174/src/groups.ts:56
[  693284ms] [LOG] %c🧭 Loom Guard %c docs-log %c— route allowed ✓ %c%s color:#a78bfa;font-weight:bold color:#34d399;font-weight:bold color:#94a3b8 color:#64748b /decorators/events @ http://localhost:5174/src/groups.ts:56
[  693297ms] [LOG] %c🧭 Loom Guard %c docs-log %c— route allowed ✓ %c%s color:#a78bfa;font-weight:bold color:#34d399;font-weight:bold color:#94a3b8 color:#64748b /decorators/events @ http://localhost:5174/src/groups.ts:56
[  693487ms] [LOG] %c🧭 Loom Guard %c docs-log %c— route allowed ✓ %c%s color:#a78bfa;font-weight:bold color:#34d399;font-weight:bold color:#94a3b8 color:#64748b /decorators/transform @ http://localhost:5174/src/groups.ts:56
[  693495ms] [LOG] %c🧭 Loom Guard %c docs-log %c— route allowed ✓ %c%s color:#a78bfa;font-weight:bold color:#34d399;font-weight:bold color:#94a3b8 color:#64748b /decorators/transform @ http://localhost:5174/src/groups.ts:56
[  693688ms] [LOG] %c🧭 Loom Guard %c docs-log %c— route allowed ✓ %c%s color:#a78bfa;font-weight:bold color:#34d399;font-weight:bold color:#94a3b8 color:#64748b /decorators/hotkey @ http://localhost:5174/src/groups.ts:56
[  693696ms] [LOG] %c🧭 Loom Guard %c docs-log %c— route allowed ✓ %c%s color:#a78bfa;font-weight:bold color:#34d399;font-weight:bold color:#94a3b8 color:#64748b /decorators/hotkey @ http://localhost:5174/src/groups.ts:56
[  693889ms] [LOG] %c🧭 Loom Guard %c docs-log %c— route allowed ✓ %c%s color:#a78bfa;font-weight:bold color:#34d399;font-weight:bold color:#94a3b8 color:#64748b /decorators/log @ http://localhost:5174/src/groups.ts:56
[  693899ms] [LOG] %c🧭 Loom Guard %c docs-log %c— route allowed ✓ %c%s color:#a78bfa;font-weight:bold color:#34d399;font-weight:bold color:#94a3b8 color:#64748b /decorators/log @ http://localhost:5174/src/groups.ts:56
[  694092ms] [LOG] %c🧭 Loom Guard %c docs-log %c— route allowed ✓ %c%s color:#a78bfa;font-weight:bold color:#34d399;font-weight:bold color:#94a3b8 color:#64748b /decorators/context @ http://localhost:5174/src/groups.ts:56
[  694108ms] [LOG] %c🧭 Loom Guard %c docs-log %c— route allowed ✓ %c%s color:#a78bfa;font-weight:bold color:#34d399;font-weight:bold color:#94a3b8 color:#64748b /decorators/context @ http://localhost:5174/src/groups.ts:56
[  694293ms] [LOG] %c🧭 Loom Guard %c docs-log %c— route allowed ✓ %c%s color:#a78bfa;font-weight:bold color:#34d399;font-weight:bold color:#94a3b8 color:#64748b /decorators/portal @ http://localhost:5174/src/groups.ts:56
[  694303ms] [LOG] %c🧭 Loom Guard %c docs-log %c— route allowed ✓ %c%s color:#a78bfa;font-weight:bold color:#34d399;font-weight:bold color:#94a3b8 color:#64748b /decorators/portal @ http://localhost:5174/src/groups.ts:56
[  694494ms] [LOG] %c🧭 Loom Guard %c docs-log %c— route allowed ✓ %c%s color:#a78bfa;font-weight:bold color:#34d399;font-weight:bold color:#94a3b8 color:#64748b /decorators/symbols @ http://localhost:5174/src/groups.ts:56
[  694503ms] [LOG] %c🧭 Loom Guard %c docs-log %c— route allowed ✓ %c%s color:#a78bfa;font-weight:bold color:#34d399;font-weight:bold color:#94a3b8 color:#64748b /decorators/symbols @ http://localhost:5174/src/groups.ts:56
[  694695ms] [LOG] %c🧭 Loom Guard %c docs-log %c— route allowed ✓ %c%s color:#a78bfa;font-weight:bold color:#34d399;font-weight:bold color:#94a3b8 color:#64748b /decorators/media @ http://localhost:5174/src/groups.ts:56
[  694703ms] [LOG] %c🧭 Loom Guard %c docs-log %c— route allowed ✓ %c%s color:#a78bfa;font-weight:bold color:#34d399;font-weight:bold color:#94a3b8 color:#64748b /decorators/media @ http://localhost:5174/src/groups.ts:56
[  694896ms] [LOG] %c🧭 Loom Guard %c docs-log %c— route allowed ✓ %c%s color:#a78bfa;font-weight:bold color:#34d399;font-weight:bold color:#94a3b8 color:#64748b /decorators/fullscreen @ http://localhost:5174/src/groups.ts:56
[  694901ms] [LOG] %c🧭 Loom Guard %c docs-log %c— route allowed ✓ %c%s color:#a78bfa;font-weight:bold color:#34d399;font-weight:bold color:#94a3b8 color:#64748b /decorators/fullscreen @ http://localhost:5174/src/groups.ts:56
[  695097ms] [LOG] %c🧭 Loom Guard %c docs-log %c— route allowed ✓ %c%s color:#a78bfa;font-weight:bold color:#34d399;font-weight:bold color:#94a3b8 color:#64748b /decorators/clipboard @ http://localhost:5174/src/groups.ts:56
[  695104ms] [LOG] %c🧭 Loom Guard %c docs-log %c— route allowed ✓ %c%s color:#a78bfa;font-weight:bold color:#34d399;font-weight:bold color:#94a3b8 color:#64748b /decorators/clipboard @ http://localhost:5174/src/groups.ts:56
[  695298ms] [LOG] %c🧭 Loom Guard %c docs-log %c— route allowed ✓ %c%s color:#a78bfa;font-weight:bold color:#34d399;font-weight:bold color:#94a3b8 color:#64748b /decorators/dnd @ http://localhost:5174/src/groups.ts:56
[  695306ms] [LOG] %c🧭 Loom Guard %c docs-log %c— route allowed ✓ %c%s color:#a78bfa;font-weight:bold color:#34d399;font-weight:bold color:#94a3b8 color:#64748b /decorators/dnd @ http://localhost:5174/src/groups.ts:56
[  695499ms] [LOG] %c🧭 Loom Guard %c docs-log %c— route allowed ✓ %c%s color:#a78bfa;font-weight:bold color:#34d399;font-weight:bold color:#94a3b8 color:#64748b /decorators/css @ http://localhost:5174/src/groups.ts:56
[  695507ms] [LOG] %c🧭 Loom Guard %c docs-log %c— route allowed ✓ %c%s color:#a78bfa;font-weight:bold color:#34d399;font-weight:bold color:#94a3b8 color:#64748b /decorators/css @ http://localhost:5174/src/groups.ts:56
[  695700ms] [LOG] %c🧭 Loom Guard %c docs-log %c— route allowed ✓ %c%s color:#a78bfa;font-weight:bold color:#34d399;font-weight:bold color:#94a3b8 color:#64748b /store/overview @ http://localhost:5174/src/groups.ts:56
[  695708ms] [LOG] %c🧭 Loom Guard %c docs-log %c— route allowed ✓ %c%s color:#a78bfa;font-weight:bold color:#34d399;font-weight:bold color:#94a3b8 color:#64748b /store/overview @ http://localhost:5174/src/groups.ts:56
[  695901ms] [LOG] %c🧭 Loom Guard %c docs-log %c— route allowed ✓ %c%s color:#a78bfa;font-weight:bold color:#34d399;font-weight:bold color:#94a3b8 color:#64748b /store/reactive @ http://localhost:5174/src/groups.ts:56
[  695914ms] [LOG] %c🧭 Loom Guard %c docs-log %c— route allowed ✓ %c%s color:#a78bfa;font-weight:bold color:#34d399;font-weight:bold color:#94a3b8 color:#64748b /store/reactive @ http://localhost:5174/src/groups.ts:56
[  696103ms] [LOG] %c🧭 Loom Guard %c docs-log %c— route allowed ✓ %c%s color:#a78bfa;font-weight:bold color:#34d399;font-weight:bold color:#94a3b8 color:#64748b /store/store-decorator @ http://localhost:5174/src/groups.ts:56
[  696115ms] [LOG] %c🧭 Loom Guard %c docs-log %c— route allowed ✓ %c%s color:#a78bfa;font-weight:bold color:#34d399;font-weight:bold color:#94a3b8 color:#64748b /store/store-decorator @ http://localhost:5174/src/groups.ts:56
[  696304ms] [LOG] %c🧭 Loom Guard %c docs-log %c— route allowed ✓ %c%s color:#a78bfa;font-weight:bold color:#34d399;font-weight:bold color:#94a3b8 color:#64748b /store/storage @ http://localhost:5174/src/groups.ts:56
[  696314ms] [LOG] %c🧭 Loom Guard %c docs-log %c— route allowed ✓ %c%s color:#a78bfa;font-weight:bold color:#34d399;font-weight:bold color:#94a3b8 color:#64748b /store/storage @ http://localhost:5174/src/groups.ts:56
[  696505ms] [LOG] %c🧭 Loom Guard %c docs-log %c— route allowed ✓ %c%s color:#a78bfa;font-weight:bold color:#34d399;font-weight:bold color:#94a3b8 color:#64748b /store/patterns @ http://localhost:5174/src/groups.ts:56
[  696514ms] [LOG] %c🧭 Loom Guard %c docs-log %c— route allowed ✓ %c%s color:#a78bfa;font-weight:bold color:#34d399;font-weight:bold color:#94a3b8 color:#64748b /store/patterns @ http://localhost:5174/src/groups.ts:56
[  696706ms] [LOG] %c🧭 Loom Guard %c docs-log %c— route allowed ✓ %c%s color:#a78bfa;font-weight:bold color:#34d399;font-weight:bold color:#94a3b8 color:#64748b /store/signals @ http://localhost:5174/src/groups.ts:56
[  696714ms] [LOG] %c🧭 Loom Guard %c docs-log %c— route allowed ✓ %c%s color:#a78bfa;font-weight:bold color:#34d399;font-weight:bold color:#94a3b8 color:#64748b /store/signals @ http://localhost:5174/src/groups.ts:56
[  696908ms] [LOG] %c🧭 Loom Guard %c docs-log %c— route allowed ✓ %c%s color:#a78bfa;font-weight:bold color:#34d399;font-weight:bold color:#94a3b8 color:#64748b /router/overview @ http://localhost:5174/src/groups.ts:56
[  696915ms] [LOG] %c🧭 Loom Guard %c docs-log %c— route allowed ✓ %c%s color:#a78bfa;font-weight:bold color:#34d399;font-weight:bold color:#94a3b8 color:#64748b /router/overview @ http://localhost:5174/src/groups.ts:56
[  697109ms] [LOG] %c🧭 Loom Guard %c docs-log %c— route allowed ✓ %c%s color:#a78bfa;font-weight:bold color:#34d399;font-weight:bold color:#94a3b8 color:#64748b /router/routes @ http://localhost:5174/src/groups.ts:56
[  697117ms] [LOG] %c🧭 Loom Guard %c docs-log %c— route allowed ✓ %c%s color:#a78bfa;font-weight:bold color:#34d399;font-weight:bold color:#94a3b8 color:#64748b /router/routes @ http://localhost:5174/src/groups.ts:56
[  697310ms] [LOG] %c🧭 Loom Guard %c docs-log %c— route allowed ✓ %c%s color:#a78bfa;font-weight:bold color:#34d399;font-weight:bold color:#94a3b8 color:#64748b /router/route-data @ http://localhost:5174/src/groups.ts:56
[  697323ms] [LOG] %c🧭 Loom Guard %c docs-log %c— route allowed ✓ %c%s color:#a78bfa;font-weight:bold color:#34d399;font-weight:bold color:#94a3b8 color:#64748b /router/route-data @ http://localhost:5174/src/groups.ts:56
[  697513ms] [LOG] %c🧭 Loom Guard %c docs-log %c— route allowed ✓ %c%s color:#a78bfa;font-weight:bold color:#34d399;font-weight:bold color:#94a3b8 color:#64748b /router/groups @ http://localhost:5174/src/groups.ts:56
[  697522ms] [LOG] %c🧭 Loom Guard %c docs-log %c— route allowed ✓ %c%s color:#a78bfa;font-weight:bold color:#34d399;font-weight:bold color:#94a3b8 color:#64748b /router/groups @ http://localhost:5174/src/groups.ts:56
[  697714ms] [LOG] %c🧭 Loom Guard %c docs-log %c— route allowed ✓ %c%s color:#a78bfa;font-weight:bold color:#34d399;font-weight:bold color:#94a3b8 color:#64748b /router/guards @ http://localhost:5174/src/groups.ts:56
[  697723ms] [LOG] %c🧭 Loom Guard %c docs-log %c— route allowed ✓ %c%s color:#a78bfa;font-weight:bold color:#34d399;font-weight:bold color:#94a3b8 color:#64748b /router/guards @ http://localhost:5174/src/groups.ts:56
[  697915ms] [LOG] %c🧭 Loom Guard %c docs-log %c— route allowed ✓ %c%s color:#a78bfa;font-weight:bold color:#34d399;font-weight:bold color:#94a3b8 color:#64748b /router/navigation @ http://localhost:5174/src/groups.ts:56
[  697922ms] [LOG] %c🧭 Loom Guard %c docs-log %c— route allowed ✓ %c%s color:#a78bfa;font-weight:bold color:#34d399;font-weight:bold color:#94a3b8 color:#64748b /router/navigation @ http://localhost:5174/src/groups.ts:56
[  698116ms] [LOG] %c🧭 Loom Guard %c docs-log %c— route allowed ✓ %c%s color:#a78bfa;font-weight:bold color:#34d399;font-weight:bold color:#94a3b8 color:#64748b /router/route-lifecycle @ http://localhost:5174/src/groups.ts:56
[  698122ms] [LOG] %c🧭 Loom Guard %c docs-log %c— route allowed ✓ %c%s color:#a78bfa;font-weight:bold color:#34d399;font-weight:bold color:#94a3b8 color:#64748b /router/route-lifecycle @ http://localhost:5174/src/groups.ts:56
[  698317ms] [LOG] %c🧭 Loom Guard %c docs-log %c— route allowed ✓ %c%s color:#a78bfa;font-weight:bold color:#34d399;font-weight:bold color:#94a3b8 color:#64748b /router/decorators @ http://localhost:5174/src/groups.ts:56
[  698325ms] [LOG] %c🧭 Loom Guard %c docs-log %c— route allowed ✓ %c%s color:#a78bfa;font-weight:bold color:#34d399;font-weight:bold color:#94a3b8 color:#64748b /router/decorators @ http://localhost:5174/src/groups.ts:56
[  698519ms] [LOG] %c🧭 Loom Guard %c docs-log %c— route allowed ✓ %c%s color:#a78bfa;font-weight:bold color:#34d399;font-weight:bold color:#94a3b8 color:#64748b /di/overview @ http://localhost:5174/src/groups.ts:56
[  698529ms] [LOG] %c🧭 Loom Guard %c docs-log %c— route allowed ✓ %c%s color:#a78bfa;font-weight:bold color:#34d399;font-weight:bold color:#94a3b8 color:#64748b /di/overview @ http://localhost:5174/src/groups.ts:56
[  698720ms] [LOG] %c🧭 Loom Guard %c docs-log %c— route allowed ✓ %c%s color:#a78bfa;font-weight:bold color:#34d399;font-weight:bold color:#94a3b8 color:#64748b /di/decorators @ http://localhost:5174/src/groups.ts:56
[  698729ms] [LOG] %c🧭 Loom Guard %c docs-log %c— route allowed ✓ %c%s color:#a78bfa;font-weight:bold color:#34d399;font-weight:bold color:#94a3b8 color:#64748b /di/decorators @ http://localhost:5174/src/groups.ts:56
[  698921ms] [LOG] %c🧭 Loom Guard %c docs-log %c— route allowed ✓ %c%s color:#a78bfa;font-weight:bold color:#34d399;font-weight:bold color:#94a3b8 color:#64748b /packages/rpc-overview @ http://localhost:5174/src/groups.ts:56
[  698929ms] [LOG] %c🧭 Loom Guard %c docs-log %c— route allowed ✓ %c%s color:#a78bfa;font-weight:bold color:#34d399;font-weight:bold color:#94a3b8 color:#64748b /packages/rpc-overview @ http://localhost:5174/src/groups.ts:56
[  699123ms] [LOG] %c🧭 Loom Guard %c docs-log %c— route allowed ✓ %c%s color:#a78bfa;font-weight:bold color:#34d399;font-weight:bold color:#94a3b8 color:#64748b /packages/rpc-queries @ http://localhost:5174/src/groups.ts:56
[  699130ms] [LOG] %c🧭 Loom Guard %c docs-log %c— route allowed ✓ %c%s color:#a78bfa;font-weight:bold color:#34d399;font-weight:bold color:#94a3b8 color:#64748b /packages/rpc-queries @ http://localhost:5174/src/groups.ts:56
[  699324ms] [LOG] %c🧭 Loom Guard %c docs-log %c— route allowed ✓ %c%s color:#a78bfa;font-weight:bold color:#34d399;font-weight:bold color:#94a3b8 color:#64748b /packages/rpc-mutations @ http://localhost:5174/src/groups.ts:56
[  699332ms] [LOG] %c🧭 Loom Guard %c docs-log %c— route allowed ✓ %c%s color:#a78bfa;font-weight:bold color:#34d399;font-weight:bold color:#94a3b8 color:#64748b /packages/rpc-mutations @ http://localhost:5174/src/groups.ts:56
[  699525ms] [LOG] %c🧭 Loom Guard %c docs-log %c— route allowed ✓ %c%s color:#a78bfa;font-weight:bold color:#34d399;font-weight:bold color:#94a3b8 color:#64748b /packages/rpc-transports @ http://localhost:5174/src/groups.ts:56
[  699532ms] [LOG] %c🧭 Loom Guard %c docs-log %c— route allowed ✓ %c%s color:#a78bfa;font-weight:bold color:#34d399;font-weight:bold color:#94a3b8 color:#64748b /packages/rpc-transports @ http://localhost:5174/src/groups.ts:56
[  699726ms] [LOG] %c🧭 Loom Guard %c docs-log %c— route allowed ✓ %c%s color:#a78bfa;font-weight:bold color:#34d399;font-weight:bold color:#94a3b8 color:#64748b /packages/rpc-streams @ http://localhost:5174/src/groups.ts:56
[  699735ms] [LOG] %c🧭 Loom Guard %c docs-log %c— route allowed ✓ %c%s color:#a78bfa;font-weight:bold color:#34d399;font-weight:bold color:#94a3b8 color:#64748b /packages/rpc-streams @ http://localhost:5174/src/groups.ts:56
[  699928ms] [LOG] %c🧭 Loom Guard %c docs-log %c— route allowed ✓ %c%s color:#a78bfa;font-weight:bold color:#34d399;font-weight:bold color:#94a3b8 color:#64748b /packages/rpc-testing @ http://localhost:5174/src/groups.ts:56
[  699936ms] [LOG] %c🧭 Loom Guard %c docs-log %c— route allowed ✓ %c%s color:#a78bfa;font-weight:bold color:#34d399;font-weight:bold color:#94a3b8 color:#64748b /packages/rpc-testing @ http://localhost:5174/src/groups.ts:56
[  700129ms] [LOG] %c🧭 Loom Guard %c docs-log %c— route allowed ✓ %c%s color:#a78bfa;font-weight:bold color:#34d399;font-weight:bold color:#94a3b8 color:#64748b /packages/rpc-demo @ http://localhost:5174/src/groups.ts:56
[  700135ms] [LOG] %c🧭 Loom Guard %c docs-log %c— route allowed ✓ %c%s color:#a78bfa;font-weight:bold color:#34d399;font-weight:bold color:#94a3b8 color:#64748b /packages/rpc-demo @ http://localhost:5174/src/groups.ts:56
[  700333ms] [LOG] %c🧭 Loom Guard %c docs-log %c— route allowed ✓ %c%s color:#a78bfa;font-weight:bold color:#34d399;font-weight:bold color:#94a3b8 color:#64748b /packages/analytics-overview @ http://localhost:5174/src/groups.ts:56
[  700345ms] [LOG] %c🧭 Loom Guard %c docs-log %c— route allowed ✓ %c%s color:#a78bfa;font-weight:bold color:#34d399;font-weight:bold color:#94a3b8 color:#64748b /packages/analytics-overview @ http://localhost:5174/src/groups.ts:56
[  700534ms] [LOG] %c🧭 Loom Guard %c docs-log %c— route allowed ✓ %c%s color:#a78bfa;font-weight:bold color:#34d399;font-weight:bold color:#94a3b8 color:#64748b /packages/analytics-testing @ http://localhost:5174/src/groups.ts:56
[  700541ms] [LOG] %c🧭 Loom Guard %c docs-log %c— route allowed ✓ %c%s color:#a78bfa;font-weight:bold color:#34d399;font-weight:bold color:#94a3b8 color:#64748b /packages/analytics-testing @ http://localhost:5174/src/groups.ts:56
[  700735ms] [LOG] %c🧭 Loom Guard %c docs-log %c— route allowed ✓ %c%s color:#a78bfa;font-weight:bold color:#34d399;font-weight:bold color:#94a3b8 color:#64748b /packages/analytics-demo @ http://localhost:5174/src/groups.ts:56
[  700741ms] [LOG] %c🧭 Loom Guard %c docs-log %c— route allowed ✓ %c%s color:#a78bfa;font-weight:bold color:#34d399;font-weight:bold color:#94a3b8 color:#64748b /packages/analytics-demo @ http://localhost:5174/src/groups.ts:56
[  700938ms] [LOG] %c🧭 Loom Guard %c docs-log %c— route allowed ✓ %c%s color:#a78bfa;font-weight:bold color:#34d399;font-weight:bold color:#94a3b8 color:#64748b /packages/flags-overview @ http://localhost:5174/src/groups.ts:56
[  700946ms] [LOG] %c🧭 Loom Guard %c docs-log %c— route allowed ✓ %c%s color:#a78bfa;font-weight:bold color:#34d399;font-weight:bold color:#94a3b8 color:#64748b /packages/flags-overview @ http://localhost:5174/src/groups.ts:56
[  701139ms] [LOG] %c🧭 Loom Guard %c docs-log %c— route allowed ✓ %c%s color:#a78bfa;font-weight:bold color:#34d399;font-weight:bold color:#94a3b8 color:#64748b /packages/flags-testing @ http://localhost:5174/src/groups.ts:56
[  701145ms] [LOG] %c🧭 Loom Guard %c docs-log %c— route allowed ✓ %c%s color:#a78bfa;font-weight:bold color:#34d399;font-weight:bold color:#94a3b8 color:#64748b /packages/flags-testing @ http://localhost:5174/src/groups.ts:56
[  701340ms] [LOG] %c🧭 Loom Guard %c docs-log %c— route allowed ✓ %c%s color:#a78bfa;font-weight:bold color:#34d399;font-weight:bold color:#94a3b8 color:#64748b /packages/flags-demo @ http://localhost:5174/src/groups.ts:56
[  701350ms] [LOG] %c🧭 Loom Guard %c docs-log %c— route allowed ✓ %c%s color:#a78bfa;font-weight:bold color:#34d399;font-weight:bold color:#94a3b8 color:#64748b /packages/flags-demo @ http://localhost:5174/src/groups.ts:56
[  701543ms] [LOG] %c🧭 Loom Guard %c docs-log %c— route allowed ✓ %c%s color:#a78bfa;font-weight:bold color:#34d399;font-weight:bold color:#94a3b8 color:#64748b /packages/placeholder-overview @ http://localhost:5174/src/groups.ts:56
[  701552ms] [LOG] %c🧭 Loom Guard %c docs-log %c— route allowed ✓ %c%s color:#a78bfa;font-weight:bold color:#34d399;font-weight:bold color:#94a3b8 color:#64748b /packages/placeholder-overview @ http://localhost:5174/src/groups.ts:56
[  701744ms] [LOG] %c🧭 Loom Guard %c docs-log %c— route allowed ✓ %c%s color:#a78bfa;font-weight:bold color:#34d399;font-weight:bold color:#94a3b8 color:#64748b /packages/placeholder-testing @ http://localhost:5174/src/groups.ts:56
[  701751ms] [LOG] %c🧭 Loom Guard %c docs-log %c— route allowed ✓ %c%s color:#a78bfa;font-weight:bold color:#34d399;font-weight:bold color:#94a3b8 color:#64748b /packages/placeholder-testing @ http://localhost:5174/src/groups.ts:56
[  701945ms] [LOG] %c🧭 Loom Guard %c docs-log %c— route allowed ✓ %c%s color:#a78bfa;font-weight:bold color:#34d399;font-weight:bold color:#94a3b8 color:#64748b /packages/placeholder-demo @ http://localhost:5174/src/groups.ts:56
[  701952ms] [LOG] %c🧭 Loom Guard %c docs-log %c— route allowed ✓ %c%s color:#a78bfa;font-weight:bold color:#34d399;font-weight:bold color:#94a3b8 color:#64748b /packages/placeholder-demo @ http://localhost:5174/src/groups.ts:56
[  702148ms] [LOG] %c🧭 Loom Guard %c docs-log %c— route allowed ✓ %c%s color:#a78bfa;font-weight:bold color:#34d399;font-weight:bold color:#94a3b8 color:#64748b /packages/create-loom @ http://localhost:5174/src/groups.ts:56
[  702156ms] [LOG] %c🧭 Loom Guard %c docs-log %c— route allowed ✓ %c%s color:#a78bfa;font-weight:bold color:#34d399;font-weight:bold color:#94a3b8 color:#64748b /packages/create-loom @ http://localhost:5174/src/groups.ts:56
[  702350ms] [LOG] %c🧭 Loom Guard %c docs-log %c— route allowed ✓ %c%s color:#a78bfa;font-weight:bold color:#34d399;font-weight:bold color:#94a3b8 color:#64748b /examples/clock @ http://localhost:5174/src/groups.ts:56
[  702358ms] [LOG] %c🧭 Loom Guard %c docs-log %c— route allowed ✓ %c%s color:#a78bfa;font-weight:bold color:#34d399;font-weight:bold color:#94a3b8 color:#64748b /examples/clock @ http://localhost:5174/src/groups.ts:56
[  702551ms] [LOG] %c🧭 Loom Guard %c docs-log %c— route allowed ✓ %c%s color:#a78bfa;font-weight:bold color:#34d399;font-weight:bold color:#94a3b8 color:#64748b /examples/attributes @ http://localhost:5174/src/groups.ts:56
[  702558ms] [LOG] %c🧭 Loom Guard %c docs-log %c— route allowed ✓ %c%s color:#a78bfa;font-weight:bold color:#34d399;font-weight:bold color:#94a3b8 color:#64748b /examples/attributes @ http://localhost:5174/src/groups.ts:56
[  702753ms] [LOG] %c🧭 Loom Guard %c docs-log %c— route allowed ✓ %c%s color:#a78bfa;font-weight:bold color:#34d399;font-weight:bold color:#94a3b8 color:#64748b /examples/todo @ http://localhost:5174/src/groups.ts:56
[  702759ms] [LOG] %c🧭 Loom Guard %c docs-log %c— route allowed ✓ %c%s color:#a78bfa;font-weight:bold color:#34d399;font-weight:bold color:#94a3b8 color:#64748b /examples/todo @ http://localhost:5174/src/groups.ts:56
[  702955ms] [LOG] %c🧭 Loom Guard %c docs-log %c— route allowed ✓ %c%s color:#a78bfa;font-weight:bold color:#34d399;font-weight:bold color:#94a3b8 color:#64748b /examples/kanban @ http://localhost:5174/src/groups.ts:56
[  702963ms] [LOG] %c🧭 Loom Guard %c docs-log %c— route allowed ✓ %c%s color:#a78bfa;font-weight:bold color:#34d399;font-weight:bold color:#94a3b8 color:#64748b /examples/kanban @ http://localhost:5174/src/groups.ts:56
[  703158ms] [LOG] %c🧭 Loom Guard %c docs-log %c— route allowed ✓ %c%s color:#a78bfa;font-weight:bold color:#34d399;font-weight:bold color:#94a3b8 color:#64748b /examples/theme-switcher @ http://localhost:5174/src/groups.ts:56
[  703164ms] [LOG] %c🧭 Loom Guard %c docs-log %c— route allowed ✓ %c%s color:#a78bfa;font-weight:bold color:#34d399;font-weight:bold color:#94a3b8 color:#64748b /examples/theme-switcher @ http://localhost:5174/src/groups.ts:56
[  703360ms] [LOG] %c🧭 Loom Guard %c docs-log %c— route allowed ✓ %c%s color:#a78bfa;font-weight:bold color:#34d399;font-weight:bold color:#94a3b8 color:#64748b /examples/form @ http://localhost:5174/src/groups.ts:56
[  703369ms] [LOG] %c🧭 Loom Guard %c docs-log %c— route allowed ✓ %c%s color:#a78bfa;font-weight:bold color:#34d399;font-weight:bold color:#94a3b8 color:#64748b /examples/form @ http://localhost:5174/src/groups.ts:56
[  703562ms] [LOG] %c🧭 Loom Guard %c docs-log %c— route allowed ✓ %c%s color:#a78bfa;font-weight:bold color:#34d399;font-weight:bold color:#94a3b8 color:#64748b /examples/api @ http://localhost:5174/src/groups.ts:56
[  703567ms] [LOG] %c🧭 Loom Guard %c docs-log %c— route allowed ✓ %c%s color:#a78bfa;font-weight:bold color:#34d399;font-weight:bold color:#94a3b8 color:#64748b /examples/api @ http://localhost:5174/src/groups.ts:56
[  703763ms] [LOG] %c🧭 Loom Guard %c docs-log %c— route allowed ✓ %c%s color:#a78bfa;font-weight:bold color:#34d399;font-weight:bold color:#94a3b8 color:#64748b /examples/virtual-list-demo @ http://localhost:5174/src/groups.ts:56
[  703771ms] [LOG] %c🧭 Loom Guard %c docs-log %c— route allowed ✓ %c%s color:#a78bfa;font-weight:bold color:#34d399;font-weight:bold color:#94a3b8 color:#64748b /examples/virtual-list-demo @ http://localhost:5174/src/groups.ts:56
[  703965ms] [LOG] %c🧭 Loom Guard %c docs-log %c— route allowed ✓ %c%s color:#a78bfa;font-weight:bold color:#34d399;font-weight:bold color:#94a3b8 color:#64748b /examples/timing-demo @ http://localhost:5174/src/groups.ts:56
[  703971ms] [LOG] %c🧭 Loom Guard %c docs-log %c— route allowed ✓ %c%s color:#a78bfa;font-weight:bold color:#34d399;font-weight:bold color:#94a3b8 color:#64748b /examples/timing-demo @ http://localhost:5174/src/groups.ts:56
[  704167ms] [LOG] %c🧭 Loom Guard %c docs-log %c— route allowed ✓ %c%s color:#a78bfa;font-weight:bold color:#34d399;font-weight:bold color:#94a3b8 color:#64748b /examples/stress-test @ http://localhost:5174/src/groups.ts:56
[  704176ms] [LOG] %c🧭 Loom Guard %c docs-log %c— route allowed ✓ %c%s color:#a78bfa;font-weight:bold color:#34d399;font-weight:bold color:#94a3b8 color:#64748b /examples/stress-test @ http://localhost:5174/src/groups.ts:56
[  704370ms] [LOG] %c🧭 Loom Guard %c docs-log %c— route allowed ✓ %c%s color:#a78bfa;font-weight:bold color:#34d399;font-weight:bold color:#94a3b8 color:#64748b /examples/canvas-game @ http://localhost:5174/src/groups.ts:56
[  704377ms] [LOG] %c🧭 Loom Guard %c docs-log %c— route allowed ✓ %c%s color:#a78bfa;font-weight:bold color:#34d399;font-weight:bold color:#94a3b8 color:#64748b /examples/canvas-game @ http://localhost:5174/src/groups.ts:56
[  704573ms] [LOG] %c🧭 Loom Guard %c docs-log %c— route allowed ✓ %c%s color:#a78bfa;font-weight:bold color:#34d399;font-weight:bold color:#94a3b8 color:#64748b /examples/image-gallery @ http://localhost:5174/src/groups.ts:56
[  704583ms] [LOG] %c🧭 Loom Guard %c docs-log %c— route allowed ✓ %c%s color:#a78bfa;font-weight:bold color:#34d399;font-weight:bold color:#94a3b8 color:#64748b /examples/image-gallery @ http://localhost:5174/src/groups.ts:56
[  704774ms] [LOG] %c🧭 Loom Guard %c docs-log %c— route allowed ✓ %c%s color:#a78bfa;font-weight:bold color:#34d399;font-weight:bold color:#94a3b8 color:#64748b /examples/eventbus @ http://localhost:5174/src/groups.ts:56
[  704779ms] [LOG] %c🧭 Loom Guard %c docs-log %c— route allowed ✓ %c%s color:#a78bfa;font-weight:bold color:#34d399;font-weight:bold color:#94a3b8 color:#64748b /examples/eventbus @ http://localhost:5174/src/groups.ts:56
[  746244ms] [LOG] %c🧭 Loom Guard %c docs-log %c— route allowed ✓ %c%s color:#a78bfa;font-weight:bold color:#34d399;font-weight:bold color:#94a3b8 color:#64748b /examples/eventbus @ http://localhost:5174/src/groups.ts:56
[  762144ms] [LOG] %c🧭 Loom Guard %c docs-log %c— route allowed ✓ %c%s color:#a78bfa;font-weight:bold color:#34d399;font-weight:bold color:#94a3b8 color:#64748b /examples/eventbus @ http://localhost:5174/src/groups.ts:56
[  775258ms] [LOG] %c🧭 Loom Guard %c docs-log %c— route allowed ✓ %c%s color:#a78bfa;font-weight:bold color:#34d399;font-weight:bold color:#94a3b8 color:#64748b /examples/eventbus @ http://localhost:5174/src/groups.ts:56
